id,true_label,pred_label
0,1,1
1,1,1
2,1,1
3,1,1
4,1,1
5,1,1
6,1,1
7,1,1
9,1,1
10,1,1
11,1,1
13,1,1
15,1,1
16,1,1
17,1,1
18,1,0
19,1,1
20,1,1
21,1,1
22,1,1
23,1,1
24,1,1
25,1,1
26,1,1
27,1,1
28,1,1
29,1,1
30,1,1
33,1,1
35,1,1
36,1,1
37,1,1
38,1,1
39,1,1
40,1,1
41,1,1
42,1,1
43,1,1
44,1,1
45,1,0
47,1,1
48,1,1
49,1,1
50,1,1
51,1,1
52,1,1
53,1,1
54,1,1
55,1,1
58,1,1
60,1,1
61,1,1
62,1,1
63,1,1
64,1,1
65,1,1
66,1,1
67,1,1
68,1,1
69,1,1
70,1,1
71,1,1
72,1,1
73,1,1
74,1,1
75,1,1
76,1,1
77,1,1
79,1,1
80,1,1
81,1,1
82,1,1
83,1,1
84,1,1
85,1,1
87,1,1
88,1,1
89,1,1
90,1,1
91,1,1
92,1,1
93,1,1
94,1,1
95,1,1
96,1,1
97,1,1
98,1,1
100,0,0
101,0,0
102,0,0
103,0,0
107,0,0
109,0,0
110,0,0
118,0,0
120,0,0
124,0,0
125,0,0
127,0,0
130,0,0
131,0,0
133,0,0
138,0,0
139,0,0
142,0,0
147,0,0
148,0,0
151,0,0
152,0,0
161,0,0
165,0,0
166,0,0
169,0,0
173,0,0
177,0,0
181,0,0
182,0,0
183,0,0
186,0,0
187,0,0
191,0,0
193,0,0
199,0,0
200,0,0
201,0,0
202,0,0
203,0,0
207,0,0
209,0,0
210,0,0
218,0,0
220,0,0
224,0,0
225,0,0
227,0,0
230,0,0
231,0,0
233,0,0
238,0,0
239,0,0
242,0,0
247,0,0
248,0,0
251,0,0
252,0,0
261,0,0
265,0,0
266,0,0
269,0,0
273,0,0
277,0,0
281,0,0
282,0,0
283,0,0
286,0,0
287,0,0
291,0,0
293,0,0
299,0,0
300,0,0
301,0,0
302,0,0
303,0,0
307,0,0
309,0,0
310,0,0
318,0,0
320,0,0
324,0,0
325,0,0
327,0,0
330,0,0
331,0,0
333,0,0
338,0,0
339,0,0
342,0,0
347,0,0
348,0,0
351,0,0
352,0,0
361,0,0
365,0,0
366,0,0
369,0,0
373,0,0
377,0,0
381,0,0
382,0,0
383,0,0
386,0,0
387,0,0
391,0,0
393,0,0
399,0,0
400,0,0
401,0,0
402,0,0
403,0,0
404,0,0
405,0,0
406,0,0
407,0,0
409,0,0
410,0,0
412,0,0
414,0,0
415,0,0
416,0,0
418,0,0
419,0,0
420,0,0
423,0,0
424,0,0
425,0,0
426,0,0
427,0,0
428,0,0
429,0,0
430,0,0
431,0,0
432,0,0
433,0,0
434,0,0
436,0,0
437,0,0
438,0,0
439,0,0
440,0,0
442,0,0
443,0,0
444,0,0
447,0,0
448,0,0
449,0,0
450,0,0
451,0,0
452,0,0
457,0,0
458,0,0
461,0,0
462,0,0
463,0,0
465,0,0
466,0,0
467,0,0
468,0,0
469,0,0
470,0,0
471,0,0
472,0,0
473,0,0
474,0,0
475,0,0
476,0,0
477,0,0
478,0,0
479,0,0
481,0,0
482,0,0
483,0,0
484,0,0
486,0,0
487,0,0
489,0,0
490,0,0
491,0,0
492,0,0
493,0,0
494,0,0
496,0,0
497,0,0
498,0,0
499,0,0
506,0,0
509,0,0
515,0,0
520,0,0
524,0,0
526,0,0
529,0,0
533,0,0
536,0,0
539,0,0
543,0,0
545,0,0
547,0,0
548,0,0
549,0,0
550,0,0
551,0,0
559,0,0
561,0,0
566,0,0
567,0,0
569,0,0
570,0,0
572,0,0
579,0,0
582,0,0
584,0,0
585,0,0
588,0,0
589,0,0
590,0,0
592,0,0
595,0,0
599,0,0
601,0,0
607,0,0
608,0,0
611,0,0
612,0,0
613,0,0
625,0,0
627,0,0
628,0,0
629,0,0
633,0,0
636,0,0
637,0,0
639,0,0
643,0,0
648,0,0
650,0,0
652,0,0
654,0,0
662,0,0
670,0,0
677,0,0
678,0,0
679,0,0
684,0,0
685,0,0
688,0,0
693,0,0
694,0,0
695,0,0
698,0,0
699,0,0
703,0,0
709,0,0
710,0,0
711,0,0
714,0,0
716,0,0
717,0,0
718,0,0
719,0,0
721,0,0
724,0,0
726,0,0
728,0,0
729,0,0
732,0,0
736,0,0
737,0,0
742,0,0
743,0,0
745,0,0
752,0,0
754,0,0
755,0,0
756,0,0
757,0,0
762,0,0
768,0,0
775,0,0
781,0,0
800,0,0
802,0,0
803,0,0
806,0,0
807,0,0
810,0,0
813,0,0
816,0,0
819,0,0
820,0,0
821,0,0
825,0,0
832,0,0
835,0,0
836,0,0
837,0,0
841,0,0
842,0,0
844,0,0
849,0,0
851,0,0
855,0,0
856,0,0
858,0,0
861,0,0
864,0,0
867,0,0
871,0,0
872,0,0
885,0,0
891,0,0
896,0,0
899,0,0
904,0,0
911,0,0
920,0,0
928,0,0
929,0,0
930,0,0
931,0,0
933,0,0
934,0,0
937,0,0
940,0,0
944,0,0
945,0,0
952,0,0
953,0,0
954,0,0
957,0,0
961,0,0
973,0,0
979,0,0
985,0,0
986,0,0
988,0,0
993,0,0
994,0,0
995,0,0
1006,0,0
1008,0,0
1009,0,0
1015,0,0
1020,0,0
1022,0,0
1024,0,0
1026,0,0
1029,0,0
1032,0,0
1033,0,0
1034,0,0
1035,0,0
1038,0,0
1039,0,0
1043,0,0
1045,0,0
1047,0,0
1048,0,0
1049,0,0
1050,0,0
1051,0,0
1059,0,0
1061,0,0
1066,0,0
1067,0,0
1069,0,0
1070,0,0
1072,0,0
1079,0,0
1082,0,0
1084,0,0
1085,0,0
1088,0,0
1089,0,0
1090,0,0
1092,0,0
1095,0,0
1097,0,0
1099,0,0
1102,0,0
1107,0,0
1108,0,0
1109,0,0
1111,0,0
1112,0,0
1113,0,0
1125,0,0
1126,0,0
1127,0,0
1128,0,0
1129,0,0
1133,0,0
1136,0,0
1137,0,0
1139,0,0
1141,0,0
1143,0,0
1144,0,0
1148,0,0
1150,0,0
1152,0,0
1154,0,0
1159,0,0
1162,0,0
1170,0,0
1175,0,0
1177,0,0
1178,0,0
1179,0,0
1184,0,0
1185,0,0
1187,0,0
1188,0,0
1193,0,0
1194,0,0
1195,0,0
1198,0,0
1199,0,0
1206,0,0
1209,0,0
1210,0,0
1211,0,0
1213,0,0
1214,0,0
1216,0,0
1217,0,0
1218,0,0
1219,0,0
1221,0,0
1224,0,0
1226,0,0
1228,0,0
1229,0,0
1232,0,0
1236,0,0
1237,0,0
1242,0,0
1243,0,0
1245,0,0
1247,0,0
1252,0,0
1254,0,0
1255,0,0
1256,0,0
1257,0,0
1260,0,0
1262,0,0
1264,0,0
1268,0,0
1275,0,0
1277,0,0
1280,0,0
1281,0,0
1282,0,0
1287,0,0
1300,0,0
1302,0,0
1303,0,0
1306,0,0
1307,0,0
1310,0,0
1313,0,0
1316,0,0
1318,0,0
1320,0,0
1321,0,0
1325,0,0
1326,0,0
1332,0,0
1333,0,0
1335,0,0
1336,0,0
1337,0,0
1339,0,0
1341,0,0
1342,0,0
1344,0,0
1351,0,0
1355,0,0
1356,0,0
1358,0,0
1361,0,0
1363,0,0
1364,0,0
1365,0,0
1367,0,0
1371,0,0
1372,0,0
1385,0,0
1391,0,0
1396,0,0
1399,0,0
1404,0,0
1405,0,0
1407,0,0
1411,0,0
1415,0,0
1420,0,0
1422,0,0
1428,0,0
1429,0,0
1430,0,0
1431,0,0
1433,0,0
1434,0,0
1440,0,0
1443,0,0
1444,0,0
1445,0,0
1446,0,0
1452,0,0
1453,0,0
1454,0,0
1457,0,0
1461,0,0
1473,0,0
1477,0,0
1479,0,0
1480,0,0
1485,0,0
1486,0,0
1488,0,0
1489,0,0
1490,0,0
1491,0,0
1492,0,0
1493,0,0
1494,0,0
1495,0,0
1506,0,0
1508,0,0
1509,0,0
1515,0,0
1520,0,0
1522,0,0
1524,0,0
1526,0,0
1529,0,0
1532,0,0
1533,0,0
1534,0,0
1535,0,0
1538,0,0
1539,0,0
1543,0,0
1545,0,0
1547,0,0
1548,0,0
1549,0,0
1550,0,0
1551,0,0
1559,0,0
1561,0,0
1566,0,0
1567,0,0
1569,0,0
1570,0,0
1572,0,0
1579,0,0
1582,0,0
1584,0,0
1585,0,0
1588,0,0
1589,0,0
1590,0,0
1592,0,0
1595,0,0
1597,0,0
1599,0,0
1602,0,0
1607,0,0
1608,0,0
1609,0,0
1611,0,0
1612,0,0
1613,0,0
1625,0,0
1626,0,0
1627,0,0
1628,0,0
1629,0,0
1633,0,0
1636,0,0
1637,0,0
1639,0,0
1641,0,0
1643,0,0
1644,0,0
1648,0,0
1650,0,0
1652,0,0
1654,0,0
1659,0,0
1662,0,0
1670,0,0
1675,0,0
1677,0,0
1678,0,0
1679,0,0
1684,0,0
1685,0,0
1687,0,0
1688,0,0
1693,0,0
1694,0,0
1695,0,0
1698,0,0
1699,0,0
1706,0,0
1709,0,0
1710,0,0
1711,0,0
1713,0,0
1714,0,0
1716,0,0
1717,0,0
1718,0,0
1719,0,0
1721,0,0
1724,0,0
1726,0,0
1728,0,0
1729,0,0
1732,0,0
1736,0,0
1737,0,0
1742,0,0
1743,0,0
1745,0,0
1747,0,0
1752,0,0
1754,0,0
1755,0,0
1756,0,0
1757,0,0
1760,0,0
1762,0,0
1764,0,0
1768,0,0
1775,0,0
1777,0,0
1780,0,0
1781,0,0
1782,0,0
1787,0,0
1800,0,0
1802,0,0
1803,0,0
1806,0,0
1807,0,0
1810,0,0
1813,0,0
1816,0,0
1818,0,0
1820,0,0
1821,0,0
1825,0,0
1826,0,0
1832,0,0
1833,0,0
1835,0,0
1836,0,0
1837,0,0
1839,0,0
1841,0,0
1842,0,0
1844,0,0
1851,0,0
1855,0,0
1856,0,0
1858,0,0
1861,0,0
1863,0,0
1864,0,0
1865,0,0
1867,0,0
1871,0,0
1872,0,0
1885,0,0
1891,0,0
1896,0,0
1899,0,0
1904,0,0
1905,0,0
1907,0,0
1911,0,0
1915,0,0
1920,0,0
1922,0,0
1928,0,0
1929,0,0
1930,0,0
1931,0,0
1933,0,0
1934,0,0
1940,0,0
1943,0,0
1944,0,0
1945,0,0
1946,0,0
1952,0,0
1953,0,0
1954,0,0
1957,0,0
1961,0,0
1973,0,0
1977,0,0
1979,0,0
1980,0,0
1985,0,0
1986,0,0
1988,0,0
1989,0,0
1990,0,0
1991,0,0
1992,0,0
1993,0,0
1994,0,0
1995,0,0
2006,0,0
2008,0,0
2009,0,0
2010,0,0
2015,0,0
2020,0,0
2022,0,0
2024,0,0
2026,0,0
2029,0,0
2032,0,0
2033,0,0
2034,0,0
2035,0,0
2037,0,0
2038,0,0
2039,0,0
2040,0,0
2043,0,0
2045,0,0
2046,0,0
2047,0,0
2048,0,0
2049,0,0
2050,0,0
2051,0,0
2059,0,0
2061,0,0
2066,0,0
2067,0,0
2069,0,0
2070,0,0
2072,0,0
2077,0,0
2079,0,0
2082,0,0
2084,0,0
2085,0,0
2088,0,0
2089,0,0
2090,0,0
2092,0,0
2095,0,0
2097,0,0
2098,0,0
2099,0,0
2101,0,0
2102,0,0
2107,0,0
2108,0,0
2109,0,0
2110,0,0
2111,0,0
2112,0,0
2113,0,0
2125,0,0
2127,0,0
2128,0,0
2129,0,0
2132,0,0
2133,0,0
2136,0,0
2137,0,0
2139,0,0
2143,0,0
2144,0,0
2148,0,0
2152,0,0
2154,0,0
2162,0,0
2163,0,0
2170,0,0
2175,0,0
2176,0,0
2177,0,0
2178,0,0
2179,0,0
2184,0,0
2185,0,0
2187,0,0
2188,0,0
2193,0,0
2194,0,0
2195,0,0
2198,0,0
2199,0,0
2201,0,0
2203,0,0
2205,0,0
2206,0,0
2209,0,0
2210,0,0
2211,0,0
2213,0,0
2214,0,0
2216,0,0
2217,0,0
2218,0,0
2219,0,0
2220,0,0
2221,0,0
2224,0,0
2226,0,0
2227,0,0
2228,0,0
2229,0,0
2232,0,0
2236,0,0
2237,0,0
2242,0,0
2243,0,0
2245,0,0
2247,0,0
2248,0,0
2252,0,0
2254,0,0
2255,0,0
2256,0,0
2257,0,0
2262,0,0
2264,0,0
2268,0,0
2275,0,0
2277,0,0
2280,0,0
2281,0,0
2283,0,0
2287,0,0
2295,0,0
2300,0,0
2302,0,0
2303,0,0
2306,0,0
2307,0,0
2310,0,0
2313,0,0
2316,0,0
2318,0,0
2320,0,0
2321,0,0
2325,0,0
2326,0,0
2330,0,0
2332,0,0
2333,0,0
2335,0,0
2336,0,0
2337,0,0
2339,0,0
2341,0,0
2342,0,0
2344,0,0
2346,0,0
2351,0,0
2355,0,0
2356,0,0
2357,0,0
2358,0,0
2361,0,0
2364,0,0
2365,0,0
2367,0,0
2371,0,0
2372,0,0
2375,0,0
2385,0,0
2390,0,0
2391,0,0
2396,0,0
2399,0,0
2401,0,0
2404,0,0
2405,0,0
2407,0,0
2411,0,0
2412,0,0
2415,0,0
2420,0,0
2422,0,0
2428,0,0
2429,0,0
2430,0,0
2431,0,0
2433,0,0
2434,0,0
2440,0,0
2443,0,0
2444,0,0
2445,0,0
2446,0,0
2452,0,0
2453,0,0
2454,0,0
2455,0,0
2457,0,0
2459,0,0
2461,0,0
2473,0,0
2476,0,0
2477,0,0
2479,0,0
2480,0,0
2485,0,0
2486,0,0
2488,0,0
2489,0,0
2490,0,0
2491,0,0
2492,0,0
2493,0,0
2494,0,0
2495,0,0
2496,0,0
2498,0,0
2500,0,0
2506,0,0
2507,0,0
2508,0,0
2509,0,0
2510,0,0
2511,0,0
2512,0,0
2515,0,0
2516,0,0
2518,0,0
2519,0,0
2520,0,0
2521,0,0
2522,0,0
2523,0,0
2525,0,0
2526,0,0
2527,0,0
2529,0,0
2530,0,0
2532,0,0
2533,0,0
2534,0,0
2535,0,0
2536,0,0
2538,0,0
2539,0,0
2540,0,0
2543,0,0
2545,0,0
2546,0,0
2547,0,0
2548,0,0
2549,0,0
2550,0,0
2551,0,0
2553,0,0
2554,0,0
2555,0,0
2557,0,0
2558,0,0
2559,0,0
2561,0,0
2562,0,0
2565,0,0
2567,0,0
2569,0,0
2570,0,0
2571,0,0
2572,0,0
2575,0,0
2576,0,0
2577,0,0
2579,0,0
2581,0,0
2582,0,0
2584,0,0
2585,0,0
2586,0,0
2588,0,0
2589,0,0
2590,0,0
2592,0,0
2595,0,0
2596,0,0
2598,0,0
2599,0,0
2601,0,0
2602,0,0
2606,0,0
2607,0,0
2608,0,0
2609,0,0
2610,0,0
2611,0,0
2612,0,0
2613,0,0
2618,0,0
2621,0,0
2622,0,0
2623,0,0
2624,0,0
2625,0,0
2626,0,0
2627,0,0
2628,0,0
2629,0,0
2630,0,0
2631,0,0
2632,0,0
2633,0,0
2634,0,0
2636,0,0
2637,0,0
2638,0,0
2639,0,0
2640,0,0
2641,0,0
2643,0,0
2644,0,0
2645,0,0
2648,0,0
2650,0,0
2652,0,0
2653,0,0
2654,0,0
2656,0,0
2659,0,0
2660,0,0
2662,0,0
2663,0,0
2667,0,0
2669,0,0
2670,0,0
2672,0,0
2673,0,0
2675,0,0
2676,0,0
2677,0,0
2678,0,0
2679,0,0
2680,0,0
2682,0,0
2684,0,0
2685,0,0
2687,0,0
2688,0,0
2690,0,0
2691,0,0
2693,0,0
2694,0,0
2695,0,0
2697,0,0
2698,0,0
2699,0,0
2702,0,0
2703,0,0
2706,0,0
2707,0,0
2709,0,0
2710,0,0
2711,0,0
2713,0,0
2714,0,0
2715,0,0
2716,0,0
2717,0,0
2718,0,0
2719,0,0
2720,0,0
2721,0,0
2722,0,0
2723,0,0
2724,0,0
2725,0,0
2726,0,0
2727,0,0
2728,0,0
2729,0,0
2730,0,0
2731,0,0
2732,0,0
2733,0,0
2734,0,0
2735,0,0
2736,0,0
2737,0,0
2738,0,0
2740,0,0
2742,0,0
2743,0,0
2745,0,0
2747,0,0
2748,0,0
2750,0,0
2752,0,0
2753,0,0
2754,0,0
2755,0,0
2756,0,0
2757,0,0
2759,0,0
2760,0,0
2761,0,0
2762,0,0
2763,0,0
2764,0,0
2765,0,0
2775,0,0
2777,0,0
2781,0,0
2782,0,0
2783,0,0
2787,0,0
2788,0,0
2791,0,0
2792,0,0
2795,0,0
2796,0,0
2800,0,0
2801,0,0
2802,0,0
2803,0,0
2804,0,0
2806,0,0
2807,0,0
2809,0,0
2810,0,0
2811,0,0
2812,0,0
2813,0,0
2816,0,0
2817,0,0
2818,0,0
2819,0,0
2821,0,0
2824,0,0
2825,0,0
2826,0,0
2827,0,0
2828,0,0
2829,0,0
2830,0,0
2831,0,0
2832,0,0
2833,0,0
2834,0,0
2835,0,0
2836,0,0
2837,0,0
2839,0,0
2840,0,0
2842,0,0
2843,0,0
2844,0,0
2845,0,0
2846,0,0
2847,0,0
2848,0,0
2849,0,0
2851,0,0
2855,0,0
2856,0,0
2857,0,0
2858,0,0
2861,0,0
2863,0,0
2864,0,0
2865,0,0
2866,0,0
2867,0,0
2869,0,0
2870,0,0
2871,0,0
2872,0,0
2873,0,0
2875,0,0
2877,0,0
2879,0,0
2882,0,0
2885,0,0
2887,0,0
2888,0,0
2890,0,0
2891,0,0
2895,0,0
2896,0,0
2897,0,0
2899,0,0
2900,0,0
2901,0,0
2902,0,0
2903,0,0
2904,0,0
2905,0,0
2906,0,0
2907,0,0
2911,0,0
2912,0,0
2914,0,0
2915,0,0
2916,0,0
2918,0,0
2919,0,0
2920,0,0
2921,0,0
2922,0,0
2923,0,0
2924,0,0
2925,0,0
2926,0,0
2927,0,0
2928,0,0
2929,0,0
2930,0,0
2931,0,0
2933,0,0
2934,0,0
2937,0,0
2938,0,0
2940,0,0
2943,0,0
2944,0,0
2945,0,0
2946,0,0
2947,0,0
2948,0,0
2949,0,0
2951,0,0
2952,0,0
2953,0,0
2954,0,0
2955,0,0
2956,0,0
2957,0,0
2959,0,0
2961,0,0
2965,0,0
2966,0,0
2968,0,0
2970,0,0
2972,0,0
2973,0,0
2976,0,0
2977,0,0
2978,0,0
2979,0,0
2980,0,0
2982,0,0
2984,0,0
2985,0,0
2986,0,0
2987,0,0
2988,0,0
2989,0,0
2990,0,0
2991,0,0
2992,0,0
2993,0,0
2994,0,0
2995,0,0
2996,0,0
2997,0,0
3001,0,0
3004,0,0
3005,0,0
3006,0,0
3008,0,0
3009,0,0
3010,0,0
3011,0,0
3015,0,0
3018,0,0
3019,0,0
3020,0,0
3022,0,0
3024,0,0
3026,0,0
3027,0,0
3029,0,0
3032,0,0
3033,0,0
3034,0,0
3035,0,0
3036,0,0
3037,0,0
3038,0,0
3039,0,0
3040,0,0
3043,0,0
3045,0,0
3046,0,0
3047,0,0
3048,0,0
3049,0,0
3050,0,0
3051,0,0
3053,0,0
3054,0,0
3055,0,0
3057,0,0
3058,0,0
3059,0,0
3061,0,0
3064,0,0
3066,0,0
3067,0,0
3069,0,0
3070,0,0
3072,0,0
3075,0,0
3077,0,0
3079,0,0
3081,0,0
3082,0,0
3084,0,0
3085,0,0
3086,0,0
3087,0,0
3088,0,0
3089,0,0
3090,0,0
3092,0,0
3093,0,0
3095,0,0
3097,0,0
3099,0,0
3101,0,0
3102,0,0
3103,0,0
3106,0,0
3107,0,0
3108,0,0
3109,0,0
3110,0,0
3111,0,0
3112,0,0
3113,0,0
3114,0,0
3117,0,0
3118,0,0
3119,0,0
3120,0,0
3123,0,0
3124,0,0
3125,0,0
3126,0,0
3127,0,0
3128,0,0
3129,0,0
3130,0,0
3133,0,0
3134,0,0
3136,0,0
3137,0,0
3138,0,0
3139,0,0
3141,0,0
3143,0,0
3144,0,0
3145,0,0
3148,0,0
3150,0,0
3152,0,0
3153,0,0
3154,0,0
3159,0,0
3161,0,0
3162,0,0
3163,0,0
3166,0,0
3169,0,0
3170,0,0
3171,0,0
3172,0,0
3173,0,0
3175,0,0
3176,0,0
3177,0,0
3178,0,0
3179,0,0
3180,0,0
3182,0,0
3184,0,0
3185,0,0
3187,0,0
3188,0,0
3189,0,0
3192,0,0
3193,0,0
3194,0,0
3195,0,0
3197,0,0
3198,0,0
3199,0,0
3201,0,0
3202,0,0
3203,0,0
3205,0,0
3206,0,0
3207,0,0
3209,0,0
3210,0,0
3211,0,0
3213,0,0
3214,0,0
3216,0,0
3217,0,0
3218,0,0
3219,0,0
3220,0,0
3221,0,0
3222,0,0
3223,0,0
3224,0,0
3225,0,0
3226,0,0
3227,0,0
3228,0,0
3229,0,0
3230,0,0
3232,0,0
3234,0,0
3235,0,0
3236,0,0
3237,0,0
3240,0,0
3242,0,0
3243,0,0
3245,0,0
3247,0,0
3248,0,0
3249,0,0
3252,0,0
3253,0,0
3254,0,0
3255,0,0
3256,0,0
3257,0,0
3260,0,0
3261,0,0
3262,0,0
3263,0,0
3264,0,0
3268,0,0
3269,0,0
3272,0,0
3273,0,0
3275,0,0
3277,0,0
3280,0,0
3281,0,0
3282,0,0
3283,0,0
3285,0,0
3287,0,0
3289,0,0
3292,0,0
3293,0,0
3295,0,0
3296,0,0
3297,0,0
3300,0,0
3301,0,0
3302,0,0
3303,0,0
3304,0,0
3306,0,0
3307,0,0
3309,0,0
3310,0,0
3311,0,0
3313,0,0
3315,0,0
3316,0,0
3318,0,0
3319,0,0
3320,0,0
3321,0,0
3323,0,0
3324,0,0
3325,0,0
3326,0,0
3327,0,0
3328,0,0
3329,0,0
3330,0,0
3331,0,0
3332,0,0
3333,0,0
3335,0,0
3336,0,0
3337,0,0
3339,0,0
3341,0,0
3342,0,0
3343,0,0
3344,0,0
3345,0,0
3346,0,0
3347,0,0
3348,0,0
3349,0,0
3351,0,0
3355,0,0
3356,0,0
3357,0,0
3358,0,0
3361,0,0
3363,0,0
3364,0,0
3365,0,0
3366,0,0
3367,0,0
3369,0,0
3370,0,0
3371,0,0
3372,0,0
3373,0,0
3375,0,0
3379,0,0
3382,0,0
3385,0,0
3390,0,0
3391,0,0
3393,0,0
3395,0,0
3396,0,0
3397,0,0
3399,0,0
3400,0,0
3401,0,0
3403,0,0
3404,0,0
3405,0,0
3406,0,0
3407,0,0
3411,0,0
3412,0,0
3413,0,0
3414,0,0
3415,0,0
3416,0,0
3418,0,0
3419,0,0
3420,0,0
3421,0,0
3422,0,0
3424,0,0
3427,0,0
3428,0,0
3429,0,0
3430,0,0
3431,0,0
3432,0,0
3433,0,0
3434,0,0
3437,0,0
3438,0,0
3439,0,0
3440,0,0
3441,0,0
3443,0,0
3444,0,0
3445,0,0
3446,0,0
3449,0,0
3451,0,0
3452,0,0
3453,0,0
3454,0,0
3455,0,0
3456,0,0
3457,0,0
3459,0,0
3460,0,0
3461,0,0
3465,0,0
3466,0,0
3467,0,0
3472,0,0
3473,0,0
3474,0,0
3476,0,0
3477,0,0
3478,0,0
3479,0,0
3480,0,0
3481,0,0
3482,0,0
3483,0,0
3485,0,0
3486,0,0
3487,0,0
3488,0,0
3489,0,0
3490,0,0
3491,0,0
3492,0,0
3493,0,0
3494,0,0
3495,0,0
3496,0,0
3497,0,0
3498,0,0
3506,0,0
3509,0,0
3515,0,0
3526,0,0
3532,0,0
3534,0,0
3535,0,0
3538,0,0
3543,0,0
3547,0,0
3550,0,0
3551,0,0
3561,0,0
3570,0,0
3572,0,0
3585,0,0
3590,0,0
3592,0,0
3611,0,0
3618,0,0
3620,0,0
3625,0,0
3630,0,0
3636,0,0
3652,0,0
3663,0,0
3678,0,0
3694,0,0
3695,0,0
3698,0,0
3699,0,0
3702,0,0
3710,0,0
3716,0,0
3728,0,0
3729,0,0
3732,0,0
3736,0,0
3742,0,0
3756,0,0
3775,0,0
3781,0,0
3796,0,0
3800,0,0
3801,0,0
3803,0,0
3810,0,0
3824,0,0
3825,0,0
3832,0,0
3839,0,0
3840,0,0
3841,0,0
3842,0,0
3845,0,0
3861,0,0
3865,0,0
3869,0,0
3870,0,0
3891,0,0
3896,0,0
3899,0,0
3903,0,0
3922,0,0
3930,0,0
3934,0,0
3944,0,0
3945,0,0
3952,0,0
3955,0,0
3973,0,0
3988,0,0
3990,0,0
3993,0,0
4006,0,0
4008,0,0
4009,0,0
4020,0,0
4022,0,0
4024,0,0
4026,0,0
4032,0,0
4033,0,0
4034,0,0
4038,0,0
4039,0,0
4043,0,0
4045,0,0
4047,0,0
4050,0,0
4059,0,0
4061,0,0
4067,0,0
4069,0,0
4070,0,0
4072,0,0
4079,0,0
4082,0,0
4085,0,0
4088,0,0
4089,0,0
4090,0,0
4092,0,0
4095,0,0
4099,0,0
4101,0,0
4108,0,0
4109,0,0
4111,0,0
4112,0,0
4125,0,0
4127,0,0
4129,0,0
4133,0,0
4136,0,0
4139,0,0
4141,0,0
4143,0,0
4144,0,0
4152,0,0
4154,0,0
4159,0,0
4170,0,0
4175,0,0
4177,0,0
4178,0,0
4179,0,0
4185,0,0
4188,0,0
4193,0,0
4194,0,0
4195,0,0
4198,0,0
4199,0,0
4202,0,0
4206,0,0
4210,0,0
4211,0,0
4214,0,0
4216,0,0
4217,0,0
4219,0,0
4220,0,0
4221,0,0
4224,0,0
4226,0,0
4227,0,0
4228,0,0
4229,0,0
4232,0,0
4235,0,0
4237,0,0
4242,0,0
4247,0,0
4252,0,0
4254,0,0
4255,0,0
4256,0,0
4257,0,0
4260,0,0
4264,0,0
4268,0,0
4275,0,0
4277,0,0
4280,0,0
4281,0,0
4300,0,0
4302,0,0
4306,0,0
4307,0,0
4310,0,0
4316,0,0
4325,0,0
4332,0,0
4333,0,0
4336,0,0
4337,0,0
4339,0,0
4342,0,0
4344,0,0
4349,0,0
4351,0,0
4355,0,0
4356,0,0
4358,0,0
4364,0,0
4367,0,0
4371,0,0
4379,0,0
4391,0,0
4395,0,0
4396,0,0
4399,0,0
4401,0,0
4404,0,0
4420,0,0
4422,0,0
4429,0,0
4430,0,0
4431,0,0
4433,0,0
4434,0,0
4440,0,0
4443,0,0
4444,0,0
4445,0,0
4446,0,0
4454,0,0
4455,0,0
4457,0,0
4461,0,0
4473,0,0
4479,0,0
4485,0,0
4486,0,0
4488,0,0
4489,0,0
4490,0,0
4493,0,0
4495,0,0
4506,0,0
4508,0,0
4509,0,0
4515,0,0
4520,0,0
4522,0,0
4524,0,0
4526,0,0
4529,0,0
4532,0,0
4533,0,0
4534,0,0
4535,0,0
4538,0,0
4539,0,0
4543,0,0
4545,0,0
4547,0,0
4548,0,0
4549,0,0
4550,0,0
4551,0,0
4559,0,0
4561,0,0
4566,0,0
4567,0,0
4569,0,0
4570,0,0
4572,0,0
4579,0,0
4582,0,0
4584,0,0
4585,0,0
4588,0,0
4589,0,0
4590,0,0
4592,0,0
4595,0,0
4597,0,0
4599,0,0
4602,0,0
4607,0,0
4608,0,0
4609,0,0
4611,0,0
4612,0,0
4613,0,0
4625,0,0
4626,0,0
4627,0,0
4628,0,0
4629,0,0
4633,0,0
4636,0,0
4637,0,0
4639,0,0
4641,0,0
4643,0,0
4644,0,0
4648,0,0
4650,0,0
4652,0,0
4654,0,0
4659,0,0
4662,0,0
4670,0,0
4675,0,0
4677,0,0
4678,0,0
4679,0,0
4684,0,0
4685,0,0
4687,0,0
4688,0,0
4693,0,0
4694,0,0
4695,0,0
4698,0,0
4699,0,0
4706,0,0
4709,0,0
4710,0,0
4711,0,0
4713,0,0
4714,0,0
4716,0,0
4717,0,0
4718,0,0
4719,0,0
4721,0,0
4724,0,0
4726,0,0
4728,0,0
4729,0,0
4732,0,0
4736,0,0
4737,0,0
4742,0,0
4743,0,0
4745,0,0
4747,0,0
4752,0,0
4754,0,0
4755,0,0
4756,0,0
4757,0,0
4760,0,0
4762,0,0
4764,0,0
4768,0,0
4775,0,0
4777,0,0
4780,0,0
4781,0,0
4782,0,0
4787,0,0
4800,0,0
4802,0,0
4803,0,0
4806,0,0
4807,0,0
4810,0,0
4813,0,0
4816,0,0
4818,0,0
4820,0,0
4821,0,0
4825,0,0
4826,0,0
4832,0,0
4833,0,0
4835,0,0
4836,0,0
4837,0,0
4839,0,0
4841,0,0
4842,0,0
4844,0,0
4851,0,0
4855,0,0
4856,0,0
4858,0,0
4861,0,0
4863,0,0
4864,0,0
4865,0,0
4867,0,0
4871,0,0
4872,0,0
4885,0,0
4891,0,0
4896,0,0
4899,0,0
4904,0,0
4905,0,0
4907,0,0
4911,0,0
4915,0,0
4920,0,0
4922,0,0
4928,0,0
4929,0,0
4930,0,0
4931,0,0
4933,0,0
4934,0,0
4940,0,0
4943,0,0
4944,0,0
4945,0,0
4946,0,0
4952,0,0
4953,0,0
4954,0,0
4957,0,0
4961,0,0
4973,0,0
4977,0,0
4979,0,0
4980,0,0
4985,0,0
4986,0,0
4988,0,0
4989,0,0
4990,0,0
4991,0,0
4992,0,0
4993,0,0
4994,0,0
4995,0,0
5006,0,0
5008,0,0
5009,0,0
5010,0,0
5015,0,0
5020,0,0
5026,0,0
5029,0,0
5032,0,0
5038,0,0
5039,0,0
5043,0,0
5048,0,0
5050,0,0
5059,0,0
5061,0,0
5067,0,0
5070,0,0
5072,0,0
5079,0,0
5085,0,0
5088,0,0
5090,0,0
5092,0,0
5102,0,0
5110,0,0
5111,0,0
5124,0,0
5125,0,0
5129,0,0
5133,0,0
5136,0,0
5138,0,0
5139,0,0
5141,0,0
5143,0,0
5144,0,0
5148,0,0
5152,0,0
5159,0,0
5162,0,0
5170,0,0
5175,0,0
5177,0,0
5179,0,0
5184,0,0
5185,0,0
5187,0,0
5193,0,0
5194,0,0
5195,0,0
5198,0,0
5199,0,0
5205,0,0
5209,0,0
5214,0,0
5216,0,0
5217,0,0
5218,0,0
5219,0,0
5220,0,0
5221,0,0
5226,0,0
5229,0,0
5232,0,0
5242,0,0
5245,0,0
5252,0,0
5255,0,0
5256,0,0
5260,0,0
5275,0,0
5300,0,0
5301,0,0
5302,0,0
5303,0,0
5306,0,0
5310,0,0
5316,0,0
5320,0,0
5321,0,0
5325,0,0
5333,0,0
5335,0,0
5339,0,0
5341,0,0
5342,0,0
5349,0,0
5355,0,0
5356,0,0
5357,0,0
5358,0,0
5363,0,0
5364,0,0
5371,0,0
5375,0,0
5385,0,0
5391,0,0
5395,0,0
5396,0,0
5399,0,0
5401,0,0
5404,0,0
5405,0,0
5419,0,0
5420,0,0
5422,0,0
5428,0,0
5429,0,0
5430,0,0
5431,0,0
5434,0,0
5444,0,0
5445,0,0
5446,0,0
5452,0,0
5454,0,0
5455,0,0
5461,0,0
5473,0,0
5479,0,0
5485,0,0
5486,0,0
5488,0,0
5490,0,0
5491,0,0
5492,0,0
5493,0,0
5494,0,0
5495,0,0
5506,0,0
5508,0,0
5509,0,0
5515,0,0
5524,0,0
5532,0,0
5533,0,0
5534,0,0
5538,0,0
5539,0,0
5545,0,0
5547,0,0
5550,0,0
5561,0,0
5569,0,0
5570,0,0
5572,0,0
5582,0,0
5584,0,0
5585,0,0
5588,0,0
5589,0,0
5590,0,0
5592,0,0
5595,0,0
5601,0,0
5602,0,0
5608,0,0
5611,0,0
5625,0,0
5628,0,0
5629,0,0
5633,0,0
5643,0,0
5659,0,0
5675,0,0
5677,0,0
5688,0,0
5693,0,0
5695,0,0
5698,0,0
5702,0,0
5705,0,0
5706,0,0
5711,0,0
5716,0,0
5719,0,0
5721,0,0
5726,0,0
5728,0,0
5732,0,0
5735,0,0
5742,0,0
5747,0,0
5752,0,0
5754,0,0
5755,0,0
5756,0,0
5764,0,0
5768,0,0
5775,0,0
5780,0,0
5781,0,0
5796,0,0
5800,0,0
5807,0,0
5816,0,0
5818,0,0
5825,0,0
5832,0,0
5833,0,0
5835,0,0
5836,0,0
5840,0,0
5842,0,0
5851,0,0
5858,0,0
5891,0,0
5896,0,0
5920,0,0
5928,0,0
5929,0,0
5930,0,0
5931,0,0
5933,0,0
5940,0,0
5943,0,0
5944,0,0
5945,0,0
5953,0,0
5957,0,0
5961,0,0
5973,0,0
5979,0,0
5986,0,0
5988,0,0
5993,0,0
6006,0,0
6009,0,0
6015,0,1
6020,0,0
6026,0,0
6032,0,0
6035,0,0
6038,0,0
6039,0,0
6043,0,0
6045,0,0
6046,0,0
6050,0,0
6051,0,1
6061,0,0
6067,0,0
6069,0,0
6072,0,0
6081,0,0
6082,0,0
6084,0,0
6088,0,0
6089,0,0
6090,0,0
6092,0,1
6095,0,0
6102,0,0
6107,0,0
6111,0,0
6117,0,0
6125,0,0
6128,0,0
6129,0,0
6133,0,0
6136,0,0
6139,0,0
6141,0,0
6143,0,0
6148,0,0
6152,0,0
6154,0,0
6162,0,0
6170,0,0
6175,0,0
6177,0,0
6178,0,0
6185,0,1
6194,0,0
6199,0,0
6206,0,0
6209,0,0
6210,0,0
6211,0,0
6216,0,0
6218,0,0
6219,0,0
6221,0,0
6226,0,0
6229,0,0
6232,0,0
6237,0,0
6242,0,0
6245,0,0
6247,0,0
6252,0,0
6255,0,0
6256,0,0
6257,0,0
6260,0,0
6262,0,0
6268,0,0
6275,0,0
6277,0,0
6281,0,0
6296,0,0
6300,0,0
6302,0,0
6303,0,0
6311,0,1
6313,0,0
6316,0,0
6320,0,0
6324,0,0
6325,0,0
6326,0,0
6332,0,0
6337,0,0
6339,0,0
6342,0,0
6351,0,0
6355,0,0
6356,0,0
6358,0,0
6371,0,0
6379,0,0
6385,0,0
6391,0,0
6396,0,0
6401,0,0
6404,0,0
6407,0,0
6412,0,0
6428,0,0
6429,0,0
6430,0,0
6431,0,0
6433,0,0
6434,0,0
6440,0,0
6445,0,0
6455,0,0
6457,0,0
6459,0,0
6461,0,0
6473,0,0
6477,0,0
6479,0,0
6486,0,0
6488,0,0
6490,0,0
6493,0,0
6495,0,0
6496,0,0
6500,1,1
6501,1,1
6502,1,1
6503,1,1
6504,1,1
6505,1,1
6506,1,1
6507,1,1
6509,1,1
6510,1,1
6511,1,1
6513,1,1
6515,1,1
6516,1,1
6517,1,1
6518,1,0
6519,1,1
6520,1,1
6521,1,1
6522,1,1
6523,1,1
6524,1,1
6525,1,1
6526,1,1
6527,1,1
6528,1,1
6529,1,1
6530,1,1
6533,1,1
6535,1,1
6536,1,1
6537,1,1
6538,1,1
6539,1,1
6540,1,1
6541,1,1
6542,1,1
6543,1,1
6544,1,1
6545,1,0
6547,1,1
6548,1,1
6549,1,1
6550,1,1
6551,1,1
6552,1,1
6553,1,1
6554,1,1
6555,1,1
6558,1,1
6560,1,1
6561,1,1
6562,1,1
6563,1,1
6564,1,1
6565,1,1
6566,1,1
6567,1,1
6568,1,1
6569,1,1
6570,1,1
6571,1,1
6572,1,1
6573,1,1
6574,1,1
6575,1,1
6576,1,1
6577,1,1
6579,1,1
6580,1,1
6581,1,1
6582,1,1
6583,1,1
6584,1,1
6585,1,1
6587,1,1
6588,1,1
6589,1,1
6590,1,1
6591,1,1
6592,1,1
6593,1,1
6594,1,1
6595,1,1
6596,1,1
6597,1,1
6598,1,1
6601,1,1
6603,1,1
6604,1,0
6605,1,1
6606,1,1
6608,1,1
6609,1,1
6610,1,1
6613,1,1
6614,1,1
6615,1,1
6616,1,1
6617,1,1
6618,1,1
6619,1,1
6620,1,1
6621,1,1
6622,1,1
6623,1,1
6624,1,0
6627,1,1
6628,1,1
6629,1,1
6630,1,1
6631,1,1
6632,1,1
6633,1,1
6634,1,1
6635,1,1
6636,1,1
6637,1,1
6638,1,1
6640,1,1
6643,1,0
6644,1,1
6645,1,1
6646,1,1
6647,1,1
6648,1,1
6649,1,1
6650,1,1
6651,1,1
6652,1,1
6654,1,1
6655,1,1
6656,1,1
6657,1,1
6658,1,1
6659,1,1
6660,1,1
6662,1,1
6663,1,1
6664,1,1
6665,1,1
6666,1,1
6667,1,1
6668,1,1
6669,1,1
6670,1,1
6671,1,1
6672,1,1
6673,1,1
6675,1,1
6676,1,1
6677,1,1
6678,1,1
6679,1,1
6680,1,1
6681,1,1
6683,1,1
6684,1,1
6686,1,1
6687,1,1
6688,1,1
6690,1,1
6693,1,1
6694,1,1
6695,1,1
6696,1,1
6697,1,1
6698,1,1
6699,1,1
6701,1,1
6702,1,1
6703,1,1
6704,1,1
6705,1,1
6706,1,1
6707,1,1
6708,1,1
6709,1,1
6710,1,1
6711,1,1
6712,1,0
6714,1,1
6715,1,1
6716,1,1
6717,1,1
6718,1,1
6719,1,1
6720,1,1
6721,1,1
6722,1,1
6723,1,1
6724,1,1
6727,1,1
6728,1,1
6729,1,1
6730,1,1
6731,1,0
6732,1,1
6733,1,1
6735,1,1
6736,1,1
6737,1,1
6738,1,1
6739,1,1
6741,1,1
6742,1,0
6743,1,1
6744,1,1
6745,1,1
6746,1,1
6747,1,1
6748,1,1
6749,1,1
6750,1,1
6751,1,1
6753,1,1
6754,1,1
6755,1,1
6757,1,1
6758,1,1
6759,1,1
6760,1,1
6762,1,1
6763,1,1
6764,1,1
6765,1,1
6766,1,1
6767,1,1
6768,1,1
6769,1,1
6770,1,1
6771,1,1
6772,1,1
6773,1,1
6775,1,1
6777,1,1
6778,1,1
6779,1,1
6780,1,1
6782,1,1
6783,1,1
6784,1,1
6785,1,1
6786,1,1
6787,1,1
6788,1,1
6789,1,1
6790,1,1
6791,1,1
6792,1,1
6794,1,1
6795,1,1
6796,1,1
6797,1,1
6798,1,1
6799,1,0
6800,1,1
6801,1,1
6802,1,1
6803,1,1
6804,1,1
6805,1,1
6807,1,1
6808,1,1
6809,1,1
6810,1,1
6811,1,1
6812,1,1
6813,1,1
6814,1,1
6815,1,1
6816,1,1
6818,1,1
6820,1,1
6821,1,1
6822,1,1
6823,1,1
6824,1,1
6825,1,1
6826,1,1
6830,1,1
6832,1,1
6833,1,1
6834,1,1
6835,1,1
6836,1,1
6837,1,1
6838,1,1
6839,1,1
6840,1,1
6841,1,1
6842,1,1
6843,1,1
6844,1,1
6846,1,1
6847,1,1
6848,1,1
6849,1,1
6850,1,1
6851,1,1
6852,1,1
6853,1,1
6854,1,1
6855,1,1
6856,1,1
6859,1,1
6860,1,1
6861,1,1
6862,1,1
6863,1,1
6864,1,1
6865,1,0
6866,1,1
6867,1,1
6868,1,1
6871,1,1
6872,1,1
6874,1,1
6875,1,1
6876,1,1
6877,1,1
6878,1,1
6879,1,1
6880,1,1
6881,1,1
6882,1,1
6885,1,1
6886,1,1
6887,1,1
6888,1,1
6889,1,1
6890,1,1
6891,1,1
6892,1,1
6893,1,1
6894,1,1
6895,1,1
6896,1,1
6897,1,1
6898,1,1
6899,1,1
6900,1,1
6903,1,1
6905,1,1
6906,1,1
6907,1,1
6908,1,1
6909,1,1
6910,1,1
6911,1,1
6912,1,1
6913,1,1
6914,1,1
6915,1,1
6917,1,1
6920,1,1
6921,1,1
6922,1,1
6923,1,1
6924,1,1
6925,1,1
6926,1,1
6927,1,1
6928,1,1
6929,1,1
6930,1,1
6931,1,1
6932,1,1
6933,1,1
6934,1,1
6935,1,1
6936,1,1
6938,1,1
6939,1,1
6940,1,1
6941,1,1
6942,1,1
6943,1,1
6944,1,1
6945,1,1
6948,1,1
6949,1,1
6950,1,1
6951,1,1
6952,1,1
6955,1,1
6956,1,1
6957,1,1
6958,1,1
6959,1,1
6960,1,1
6961,1,1
6962,1,1
6963,1,1
6964,1,1
6966,1,1
6968,1,1
6969,1,1
6970,1,1
6971,1,1
6973,1,1
6974,1,1
6975,1,1
6976,1,1
6977,1,1
6978,1,1
6979,1,1
6980,1,1
6981,1,1
6982,1,1
6983,1,1
6984,1,1
6985,1,1
6989,1,1
6990,1,1
6992,1,1
6993,1,1
6994,1,1
6995,1,1
6997,1,1
6998,1,1
6999,1,1
7000,0,0
7001,0,0
7002,0,0
7003,0,0
7007,0,0
7009,0,0
7010,0,0
7018,0,0
7020,0,0
7024,0,0
7025,0,0
7027,0,0
7030,0,0
7031,0,0
7033,0,0
7038,0,0
7039,0,0
7042,0,0
7047,0,0
7048,0,0
7051,0,0
7052,0,0
7061,0,0
7065,0,0
7066,0,0
7069,0,0
7073,0,0
7077,0,0
7081,0,0
7082,0,0
7083,0,0
7086,0,0
7087,0,0
7091,0,0
7093,0,0
7099,0,0
7102,0,0
7103,0,0
7107,0,0
7109,0,0
7113,0,0
7116,0,0
7117,0,0
7118,0,0
7119,0,0
7124,0,0
7125,0,0
7127,0,0
7128,0,0
7129,0,0
7133,0,0
7134,0,0
7136,0,0
7137,0,0
7140,0,0
7142,0,0
7145,0,0
7147,0,0
7149,0,0
7159,0,0
7164,0,0
7167,0,0
7178,0,0
7179,0,0
7183,0,0
7187,0,0
7192,0,0
7194,0,0
7197,0,0
7203,0,0
7209,0,0
7210,0,0
7211,0,0
7212,0,0
7213,0,0
7217,0,0
7218,0,0
7221,0,0
7223,0,0
7225,0,0
7226,0,0
7228,0,0
7230,0,0
7233,0,0
7235,0,0
7237,0,0
7240,0,0
7246,0,0
7249,0,0
7254,0,0
7255,0,0
7256,0,0
7257,0,0
7260,0,0
7268,0,0
7269,0,0
7273,0,0
7280,0,0
7281,0,0
7284,0,0
7285,0,0
7286,0,0
7289,0,0
7292,0,0
7293,0,0
7297,0,0
7298,0,0
7302,0,0
7303,0,0
7304,0,0
7306,0,0
7308,0,0
7309,0,0
7310,0,0
7311,0,0
7315,0,0
7320,0,0
7323,0,0
7330,0,0
7331,0,0
7336,0,0
7337,0,0
7339,0,0
7341,0,0
7343,0,0
7344,0,0
7346,0,0
7348,0,0
7350,0,0
7352,0,0
7353,0,0
7355,0,0
7357,0,0
7358,0,0
7359,0,0
7360,0,0
7363,0,0
7365,0,0
7366,0,0
7368,0,0
7369,0,0
7372,0,0
7375,0,0
7378,0,0
7379,0,0
7380,0,0
7381,0,0
7385,0,0
7387,0,0
7391,0,0
7392,0,0
7397,0,0
7401,0,0
7403,0,0
7409,0,0
7413,0,0
7419,0,0
7422,0,0
7425,0,0
7428,0,0
7429,0,0
7431,0,0
7436,0,0
7437,0,0
7438,0,0
7439,0,0
7440,0,0
7441,0,0
7442,0,0
7443,0,0
7449,0,0
7453,0,0
7455,0,0
7457,0,0
7458,0,0
7459,0,0
7460,0,0
7462,0,0
7464,0,0
7467,0,0
7469,0,0
7471,0,0
7473,0,0
7474,0,0
7475,0,0
7481,0,0
7482,0,0
7483,0,0
7484,0,0
7485,0,0
7486,0,0
7487,0,0
7494,0,0
7495,0,0
7497,0,0
7499,0,0
7500,0,0
7501,0,0
7502,0,0
7503,0,0
7507,0,0
7509,0,0
7510,0,0
7518,0,0
7520,0,0
7524,0,0
7525,0,0
7527,0,0
7530,0,0
7531,0,0
7533,0,0
7538,0,0
7539,0,0
7542,0,0
7547,0,0
7548,0,0
7551,0,0
7552,0,0
7561,0,0
7565,0,0
7566,0,0
7569,0,0
7573,0,0
7577,0,0
7581,0,0
7582,0,0
7583,0,0
7586,0,0
7587,0,0
7591,0,0
7593,0,0
7599,0,0
7602,0,0
7603,0,0
7607,0,0
7609,0,0
7613,0,0
7616,0,0
7617,0,0
7618,0,0
7619,0,0
7624,0,0
7625,0,0
7627,0,0
7628,0,0
7629,0,0
7633,0,0
7634,0,0
7636,0,0
7637,0,0
7640,0,0
7642,0,0
7645,0,0
7647,0,0
7649,0,0
7659,0,0
7664,0,0
7667,0,0
7678,0,0
7679,0,0
7683,0,0
7687,0,0
7692,0,0
7694,0,0
7697,0,0
7703,0,0
7709,0,0
7710,0,0
7711,0,0
7712,0,0
7713,0,0
7717,0,0
7718,0,0
7721,0,0
7723,0,0
7725,0,0
7726,0,0
7728,0,0
7730,0,0
7733,0,0
7735,0,0
7737,0,0
7740,0,0
7746,0,0
7749,0,0
7754,0,0
7755,0,0
7756,0,0
7757,0,0
7760,0,0
7768,0,0
7769,0,0
7773,0,0
7780,0,0
7781,0,0
7784,0,0
7785,0,0
7786,0,0
7789,0,0
7792,0,0
7793,0,0
7797,0,0
7798,0,0
7802,0,0
7803,0,0
7804,0,0
7806,0,0
7808,0,0
7809,0,0
7810,0,0
7811,0,0
7815,0,0
7820,0,0
7823,0,0
7830,0,0
7831,0,0
7836,0,0
7837,0,0
7839,0,0
7841,0,0
7843,0,0
7844,0,0
7846,0,0
7848,0,0
7850,0,0
7852,0,0
7853,0,0
7855,0,0
7857,0,0
7858,0,0
7859,0,0
7860,0,0
7863,0,0
7865,0,0
7866,0,0
7868,0,0
7869,0,0
7872,0,0
7875,0,0
7878,0,0
7879,0,0
7880,0,0
7881,0,0
7885,0,0
7887,0,0
7891,0,0
7892,0,0
7897,0,0
7901,0,0
7903,0,0
7909,0,0
7913,0,0
7919,0,0
7922,0,0
7925,0,0
7928,0,0
7929,0,0
7931,0,0
7936,0,0
7937,0,0
7938,0,0
7939,0,0
7940,0,0
7941,0,0
7942,0,0
7943,0,0
7949,0,0
7953,0,0
7955,0,0
7957,0,0
7958,0,0
7959,0,0
7960,0,0
7962,0,0
7964,0,0
7967,0,0
7969,0,0
7971,0,0
7973,0,0
7974,0,0
7975,0,0
7981,0,0
7982,0,0
7983,0,0
7984,0,0
7985,0,0
7986,0,0
7987,0,0
7994,0,0
7995,0,0
7997,0,0
7999,0,0
8000,0,0
8001,0,0
8002,0,0
8003,0,0
8007,0,0
8009,0,0
8010,0,0
8018,0,0
8020,0,0
8024,0,0
8025,0,0
8027,0,0
8030,0,0
8031,0,0
8033,0,0
8038,0,0
8039,0,0
8042,0,0
8047,0,0
8048,0,0
8051,0,0
8052,0,0
8061,0,0
8065,0,0
8066,0,0
8069,0,0
8073,0,0
8077,0,0
8081,0,0
8082,0,0
8083,0,0
8086,0,0
8087,0,0
8091,0,0
8093,0,0
8099,0,0
8102,0,0
8103,0,0
8107,0,0
8109,0,0
8113,0,0
8116,0,0
8117,0,0
8118,0,0
8119,0,0
8124,0,0
8125,0,0
8127,0,0
8128,0,0
8129,0,0
8133,0,0
8134,0,0
8136,0,0
8137,0,0
8140,0,0
8142,0,0
8145,0,0
8147,0,0
8149,0,0
8159,0,0
8164,0,0
8167,0,0
8178,0,0
8179,0,0
8183,0,0
8187,0,0
8192,0,0
8194,0,0
8197,0,0
8203,0,0
8209,0,0
8210,0,0
8211,0,0
8212,0,0
8213,0,0
8217,0,0
8218,0,0
8221,0,0
8223,0,0
8225,0,0
8226,0,0
8228,0,0
8230,0,0
8233,0,0
8235,0,0
8237,0,0
8240,0,0
8246,0,0
8249,0,0
8254,0,0
8255,0,0
8256,0,0
8257,0,0
8260,0,0
8268,0,0
8269,0,0
8273,0,0
8280,0,0
8281,0,0
8284,0,0
8285,0,0
8286,0,0
8289,0,0
8292,0,0
8293,0,0
8297,0,0
8298,0,0
8302,0,0
8303,0,0
8304,0,0
8306,0,0
8308,0,0
8309,0,0
8310,0,0
8311,0,0
8315,0,0
8320,0,0
8323,0,0
8330,0,0
8331,0,0
8336,0,0
8337,0,0
8339,0,0
8341,0,0
8343,0,0
8344,0,0
8346,0,0
8348,0,0
8350,0,0
8352,0,0
8353,0,0
8355,0,0
8357,0,0
8358,0,0
8359,0,0
8360,0,0
8363,0,0
8365,0,0
8366,0,0
8368,0,0
8369,0,0
8372,0,0
8375,0,0
8378,0,0
8379,0,0
8380,0,0
8381,0,0
8385,0,0
8387,0,0
8391,0,0
8392,0,0
8397,0,0
8401,0,0
8403,0,0
8409,0,0
8413,0,0
8419,0,0
8422,0,0
8425,0,0
8428,0,0
8429,0,0
8431,0,0
8436,0,0
8437,0,0
8438,0,0
8439,0,0
8440,0,0
8441,0,0
8442,0,0
8443,0,0
8449,0,0
8453,0,0
8455,0,0
8457,0,0
8458,0,0
8459,0,0
8460,0,0
8462,0,0
8464,0,0
8467,0,0
8469,0,0
8471,0,0
8473,0,0
8474,0,0
8475,0,0
8481,0,0
8482,0,0
8483,0,0
8484,0,0
8485,0,0
8486,0,0
8487,0,0
8494,0,0
8495,0,0
8497,0,0
8499,0,0
8500,0,0
8501,0,0
8502,0,0
8503,0,0
8507,0,0
8509,0,0
8510,0,0
8518,0,0
8520,0,0
8524,0,0
8525,0,0
8527,0,0
8530,0,0
8531,0,0
8533,0,0
8538,0,0
8539,0,0
8542,0,0
8547,0,0
8548,0,0
8551,0,0
8552,0,0
8561,0,0
8565,0,0
8566,0,0
8569,0,0
8573,0,0
8577,0,0
8581,0,0
8582,0,0
8583,0,0
8586,0,0
8587,0,0
8591,0,0
8593,0,0
8599,0,0
8602,0,0
8603,0,0
8607,0,0
8609,0,0
8613,0,0
8616,0,0
8617,0,0
8618,0,0
8619,0,0
8624,0,0
8625,0,0
8627,0,0
8628,0,0
8629,0,0
8633,0,0
8634,0,0
8636,0,0
8637,0,0
8640,0,0
8642,0,0
8645,0,0
8647,0,0
8649,0,0
8659,0,0
8664,0,0
8667,0,0
8678,0,0
8679,0,0
8683,0,0
8687,0,0
8692,0,0
8694,0,0
8697,0,0
8703,0,0
8709,0,0
8710,0,0
8711,0,0
8712,0,0
8713,0,0
8717,0,0
8718,0,0
8721,0,0
8723,0,0
8725,0,0
8726,0,0
8728,0,0
8730,0,0
8733,0,0
8735,0,0
8737,0,0
8740,0,0
8746,0,0
8749,0,0
8754,0,0
8755,0,0
8756,0,0
8757,0,0
8760,0,0
8768,0,0
8769,0,0
8773,0,0
8780,0,0
8781,0,0
8784,0,0
8785,0,0
8786,0,0
8789,0,0
8792,0,0
8793,0,0
8797,0,0
8798,0,0
8802,0,0
8803,0,0
8804,0,0
8806,0,0
8808,0,0
8809,0,0
8810,0,0
8811,0,0
8815,0,0
8820,0,0
8823,0,0
8830,0,0
8831,0,0
8836,0,0
8837,0,0
8839,0,0
8841,0,0
8843,0,0
8844,0,0
8846,0,0
8848,0,0
8850,0,0
8852,0,0
8853,0,0
8855,0,0
8857,0,0
8858,0,0
8859,0,0
8860,0,0
8863,0,0
8865,0,0
8866,0,0
8868,0,0
8869,0,0
8872,0,0
8875,0,0
8878,0,0
8879,0,0
8880,0,0
8881,0,0
8885,0,0
8887,0,0
8891,0,0
8892,0,0
8897,0,0
8901,0,0
8903,0,0
8909,0,0
8913,0,0
8919,0,0
8922,0,0
8925,0,0
8928,0,0
8929,0,0
8931,0,0
8936,0,0
8937,0,0
8938,0,0
8939,0,0
8940,0,0
8941,0,0
8942,0,0
8943,0,0
8949,0,0
8953,0,0
8955,0,0
8957,0,0
8958,0,0
8959,0,0
8960,0,0
8962,0,0
8964,0,0
8967,0,0
8969,0,0
8971,0,0
8973,0,0
8974,0,0
8975,0,0
8981,0,0
8982,0,0
8983,0,0
8984,0,0
8985,0,0
8986,0,0
8987,0,0
8994,0,0
8995,0,0
8997,0,0
8999,0,0
9000,0,0
9001,0,0
9002,0,0
9003,0,0
9004,0,0
9005,0,0
9006,0,0
9007,0,0
9009,0,0
9010,0,0
9012,0,0
9014,0,0
9015,0,0
9016,0,0
9018,0,0
9019,0,0
9020,0,0
9023,0,0
9024,0,0
9025,0,0
9026,0,0
9027,0,0
9028,0,0
9029,0,0
9030,0,0
9031,0,0
9032,0,0
9033,0,0
9034,0,0
9036,0,0
9037,0,0
9038,0,0
9039,0,0
9040,0,0
9042,0,0
9043,0,0
9044,0,0
9047,0,0
9048,0,0
9049,0,0
9050,0,0
9051,0,0
9052,0,0
9057,0,0
9058,0,0
9061,0,0
9062,0,0
9063,0,0
9065,0,0
9066,0,0
9067,0,0
9068,0,0
9069,0,0
9070,0,0
9071,0,0
9072,0,0
9073,0,0
9074,0,0
9075,0,0
9076,0,0
9077,0,0
9078,0,0
9079,0,0
9081,0,0
9082,0,0
9083,0,0
9084,0,0
9086,0,0
9087,0,0
9089,0,0
9090,0,0
9091,0,0
9092,0,0
9093,0,0
9094,0,0
9096,0,0
9097,0,0
9098,0,0
9099,0,0
9100,0,0
9102,0,0
9103,0,0
9104,0,0
9106,0,0
9107,0,0
9109,0,0
9110,0,0
9111,0,0
9112,0,0
9113,0,0
9114,0,0
9116,0,0
9117,0,0
9118,0,0
9119,0,0
9120,0,0
9121,0,0
9122,0,0
9123,0,0
9124,0,0
9125,0,0
9126,0,0
9127,0,0
9128,0,0
9129,0,0
9132,0,0
9133,0,0
9134,0,0
9135,0,0
9136,0,0
9137,0,0
9138,0,0
9139,0,0
9140,0,0
9141,0,0
9142,0,0
9143,0,0
9144,0,0
9145,0,0
9146,0,0
9147,0,0
9149,0,0
9150,0,0
9151,0,0
9152,0,0
9154,0,0
9155,0,0
9156,0,0
9159,0,0
9163,0,0
9164,0,0
9165,0,0
9166,0,0
9167,0,0
9168,0,0
9169,0,0
9170,0,0
9171,0,0
9172,0,0
9173,0,0
9174,0,0
9175,0,0
9176,0,0
9178,0,0
9179,0,0
9180,0,0
9181,0,0
9183,0,0
9185,0,0
9186,0,0
9187,0,0
9188,0,0
9189,0,0
9191,0,0
9192,0,0
9193,0,0
9194,0,0
9195,0,0
9196,0,0
9197,0,0
9198,0,0
9199,0,0
9200,0,0
9202,0,0
9203,0,0
9205,0,0
9207,0,0
9208,0,0
9209,0,0
9210,0,0
9211,0,0
9212,0,0
9213,0,0
9214,0,0
9215,0,0
9217,0,0
9218,0,0
9219,0,0
9221,0,0
9223,0,0
9224,0,0
9225,0,0
9226,0,0
9227,0,0
9228,0,0
9229,0,0
9230,0,0
9231,0,0
9232,0,0
9233,0,0
9234,0,0
9235,0,0
9237,0,0
9238,0,0
9240,0,0
9243,0,0
9244,0,0
9245,0,0
9246,0,0
9248,0,0
9249,0,0
9252,0,0
9253,0,0
9254,0,0
9255,0,0
9256,0,0
9257,0,0
9259,0,0
9260,0,0
9262,0,0
9263,0,0
9264,0,0
9265,0,0
9266,0,0
9268,0,0
9269,0,0
9271,0,0
9272,0,0
9273,0,0
9275,0,0
9277,0,0
9278,0,0
9279,0,0
9280,0,0
9281,0,0
9282,0,0
9283,0,0
9284,0,0
9285,0,0
9286,0,0
9288,0,0
9289,0,0
9290,0,0
9291,0,0
9292,0,0
9293,0,0
9294,0,0
9296,0,0
9297,0,0
9298,0,0
9299,0,0
9301,0,0
9303,0,0
9304,0,0
9307,0,0
9308,0,0
9309,0,0
9310,0,0
9311,0,0
9312,0,0
9313,0,0
9314,0,0
9315,0,0
9317,0,0
9318,0,0
9319,0,0
9320,0,0
9321,0,0
9322,0,0
9323,0,0
9324,0,0
9325,0,0
9326,0,0
9327,0,0
9328,0,0
9330,0,0
9331,0,0
9332,0,0
9334,0,0
9335,0,0
9336,0,0
9337,0,0
9338,0,0
9339,0,0
9340,0,0
9341,0,0
9342,0,0
9343,0,0
9344,0,0
9345,0,0
9346,0,0
9348,0,0
9349,0,0
9350,0,0
9351,0,0
9352,0,0
9353,0,0
9354,0,0
9355,0,0
9356,0,0
9357,0,0
9358,0,0
9359,0,0
9360,0,0
9363,0,0
9365,0,0
9366,0,0
9368,0,0
9369,0,0
9370,0,0
9371,0,0
9372,0,0
9373,0,0
9374,0,0
9375,0,0
9376,0,0
9377,0,0
9378,0,0
9379,0,0
9380,0,0
9381,0,0
9383,0,0
9384,0,0
9385,0,0
9386,0,0
9387,0,0
9388,0,0
9389,0,0
9390,0,0
9391,0,0
9392,0,0
9393,0,0
9394,0,0
9396,0,0
9397,0,0
9399,0,0
9401,0,0
9402,0,0
9403,0,0
9404,0,0
9405,0,0
9407,0,0
9409,0,0
9411,0,0
9412,0,0
9413,0,0
9414,0,0
9415,0,0
9417,0,0
9418,0,0
9419,0,0
9421,0,0
9422,0,0
9424,0,0
9425,0,0
9427,0,0
9428,0,0
9429,0,0
9430,0,0
9431,0,0
9432,0,0
9433,0,0
9435,0,0
9436,0,0
9437,0,0
9438,0,0
9439,0,0
9440,0,0
9441,0,0
9442,0,0
9443,0,0
9445,0,0
9446,0,0
9447,0,0
9449,0,0
9450,0,0
9453,0,0
9454,0,0
9455,0,0
9457,0,0
9458,0,0
9459,0,0
9460,0,0
9461,0,0
9462,0,0
9463,0,0
9464,0,0
9465,0,0
9466,0,0
9467,0,0
9469,0,0
9470,0,0
9471,0,0
9472,0,0
9473,0,0
9474,0,0
9475,0,0
9476,0,0
9478,0,0
9480,0,0
9481,0,0
9482,0,0
9483,0,0
9484,0,0
9485,0,0
9486,0,0
9487,0,0
9488,0,0
9491,0,0
9492,0,0
9493,0,0
9494,0,0
9495,0,0
9497,0,0
9498,0,0
9500,0,0
9501,0,0
9505,0,0
9507,0,0
9508,0,0
9516,0,0
9518,0,0
9522,0,0
9523,0,0
9525,0,0
9526,0,0
9528,0,0
9529,0,0
9536,0,0
9537,0,0
9540,0,0
9545,0,0
9546,0,0
9548,0,0
9549,0,0
9550,0,0
9559,0,0
9563,0,0
9564,0,0
9567,0,0
9575,0,0
9579,0,0
9580,0,0
9584,0,0
9585,0,0
9589,0,0
9591,0,0
9597,0,0
9600,0,0
9601,0,0
9605,0,0
9611,0,0
9615,0,0
9616,0,0
9617,0,0
9622,0,0
9625,0,0
9626,0,0
9627,0,0
9631,0,0
9632,0,0
9634,0,0
9635,0,0
9638,0,0
9640,0,0
9643,0,0
9645,0,0
9647,0,0
9657,0,0
9663,0,0
9665,0,0
9676,0,0
9677,0,0
9681,0,0
9685,0,0
9692,0,0
9701,0,0
9707,0,0
9708,0,0
9709,0,0
9710,0,0
9711,0,0
9716,0,0
9719,0,0
9721,0,0
9723,0,0
9726,0,0
9728,0,0
9731,0,0
9733,0,0
9735,0,0
9744,0,0
9752,0,0
9753,0,0
9754,0,0
9758,0,0
9766,0,0
9767,0,0
9778,0,0
9779,0,0
9783,0,0
9787,0,0
9790,0,0
9791,0,0
9795,0,0
9796,0,0
9801,0,0
9802,0,0
9806,0,0
9807,0,0
9809,0,0
9813,0,0
9816,0,0
9818,0,0
9821,0,0
9829,0,0
9834,0,0
9835,0,0
9837,0,0
9839,0,0
9841,0,0
9850,0,0
9851,0,0
9853,0,0
9855,0,0
9856,0,0
9857,0,0
9858,0,0
9861,0,0
9863,0,0
9866,0,0
9867,0,0
9870,0,0
9873,0,0
9875,0,0
9876,0,0
9878,0,0
9885,0,0
9889,0,0
9890,0,0
9895,0,0
9899,0,0
9901,0,0
9911,0,0
9917,0,0
9920,0,0
9923,0,0
9926,0,0
9927,0,0
9929,0,0
9934,0,0
9935,0,0
9936,0,0
9937,0,0
9938,0,0
9940,0,0
9941,0,0
9947,0,0
9951,0,0
9953,0,0
9955,0,0
9957,0,0
9958,0,0
9960,0,0
9962,0,0
9964,0,0
9965,0,0
9967,0,0
9969,0,0
9971,0,0
9972,0,0
9973,0,0
9974,0,0
9979,0,0
9980,0,0
9981,0,0
9982,0,0
9983,0,0
9984,0,0
9985,0,0
9992,0,0
9993,0,0
9997,0,0
9998,0,0
9999,0,0
10000,0,0
10001,0,0
10005,0,0
10007,0,0
10008,0,0
10016,0,0
10018,0,0
10022,0,0
10023,0,0
10025,0,0
10028,0,0
10029,0,0
10031,0,0
10036,0,0
10037,0,0
10040,0,0
10045,0,0
10046,0,0
10049,0,0
10050,0,0
10059,0,0
10063,0,0
10064,0,0
10067,0,0
10071,0,0
10075,0,0
10079,0,0
10080,0,0
10081,0,0
10084,0,0
10085,0,0
10089,0,0
10091,0,0
10097,0,0
10100,0,0
10101,0,0
10105,0,0
10107,0,0
10111,0,0
10114,0,0
10115,0,0
10116,0,0
10117,0,0
10122,0,0
10123,0,0
10125,0,0
10126,0,0
10127,0,0
10131,0,0
10132,0,0
10134,0,0
10135,0,0
10138,0,0
10140,0,0
10143,0,0
10145,0,0
10147,0,0
10157,0,0
10162,0,0
10165,0,0
10176,0,0
10177,0,0
10181,0,0
10185,0,0
10190,0,0
10192,0,0
10195,0,0
10201,0,0
10207,0,0
10208,0,0
10209,0,0
10210,0,0
10211,0,0
10215,0,0
10216,0,0
10219,0,0
10221,0,0
10223,0,0
10224,0,0
10226,0,0
10228,0,0
10231,0,0
10233,0,0
10235,0,0
10238,0,0
10244,0,0
10247,0,0
10252,0,0
10253,0,0
10254,0,0
10255,0,0
10258,0,0
10266,0,0
10267,0,0
10271,0,0
10278,0,0
10279,0,0
10282,0,0
10283,0,0
10284,0,0
10287,0,0
10290,0,0
10291,0,0
10295,0,0
10296,0,0
10300,0,0
10301,0,0
10302,0,0
10304,0,0
10306,0,0
10307,0,0
10308,0,0
10309,0,0
10313,0,0
10318,0,0
10321,0,0
10328,0,0
10329,0,0
10334,0,0
10335,0,0
10337,0,0
10339,0,0
10341,0,0
10342,0,0
10344,0,0
10346,0,0
10348,0,0
10350,0,0
10351,0,0
10353,0,0
10355,0,0
10356,0,0
10357,0,0
10358,0,0
10361,0,0
10363,0,0
10364,0,0
10366,0,0
10367,0,0
10370,0,0
10373,0,0
10376,0,0
10377,0,0
10378,0,0
10379,0,0
10383,0,0
10385,0,0
10389,0,0
10390,0,0
10395,0,0
10399,0,0
10401,0,0
10407,0,0
10411,0,0
10417,0,0
10420,0,0
10423,0,0
10426,0,0
10427,0,0
10429,0,0
10434,0,0
10435,0,0
10436,0,0
10437,0,0
10438,0,0
10439,0,0
10440,0,0
10441,0,0
10447,0,0
10451,0,0
10453,0,0
10455,0,0
10456,0,0
10457,0,0
10458,0,0
10460,0,0
10462,0,0
10465,0,0
10467,0,0
10469,0,0
10471,0,0
10472,0,0
10473,0,0
10479,0,0
10480,0,0
10481,0,0
10482,0,0
10483,0,0
10484,0,0
10485,0,0
10492,0,0
10493,0,0
10495,0,0
10497,0,0
10498,0,0
10499,0,0
10500,0,0
10501,0,0
10505,0,0
10507,0,0
10508,0,0
10516,0,0
10518,0,0
10522,0,0
10523,0,0
10525,0,0
10528,0,0
10529,0,0
10531,0,0
10536,0,0
10537,0,0
10540,0,0
10545,0,0
10546,0,0
10549,0,0
10550,0,0
10559,0,0
10563,0,0
10564,0,0
10567,0,0
10571,0,0
10575,0,0
10579,0,0
10580,0,0
10581,0,0
10584,0,0
10585,0,0
10589,0,0
10591,0,0
10597,0,0
10600,0,0
10601,0,0
10605,0,0
10607,0,0
10611,0,0
10614,0,0
10615,0,0
10616,0,0
10617,0,0
10622,0,0
10623,0,0
10625,0,0
10626,0,0
10627,0,0
10631,0,0
10632,0,0
10634,0,0
10635,0,0
10638,0,0
10640,0,0
10643,0,0
10645,0,0
10647,0,0
10657,0,0
10662,0,0
10665,0,0
10676,0,0
10677,0,0
10681,0,0
10685,0,0
10690,0,0
10692,0,0
10695,0,0
10701,0,0
10707,0,0
10708,0,0
10709,0,0
10710,0,0
10711,0,0
10715,0,0
10716,0,0
10719,0,0
10721,0,0
10723,0,0
10724,0,0
10726,0,0
10728,0,0
10731,0,0
10733,0,0
10735,0,0
10738,0,0
10744,0,0
10747,0,0
10752,0,0
10753,0,0
10754,0,0
10755,0,0
10758,0,0
10766,0,0
10767,0,0
10771,0,0
10778,0,0
10779,0,0
10782,0,0
10783,0,0
10784,0,0
10787,0,0
10790,0,0
10791,0,0
10795,0,0
10796,0,0
10800,0,0
10801,0,0
10802,0,0
10804,0,0
10806,0,0
10807,0,0
10808,0,0
10809,0,0
10813,0,0
10818,0,0
10821,0,0
10828,0,0
10829,0,0
10834,0,0
10835,0,0
10837,0,0
10839,0,0
10841,0,0
10842,0,0
10844,0,0
10846,0,0
10848,0,0
10850,0,0
10851,0,0
10853,0,0
10855,0,0
10856,0,0
10857,0,0
10858,0,0
10861,0,0
10863,0,0
10864,0,0
10866,0,0
10867,0,0
10870,0,0
10873,0,0
10876,0,0
10877,0,0
10878,0,0
10879,0,0
10883,0,0
10885,0,0
10889,0,0
10890,0,0
10895,0,0
10899,0,0
10901,0,0
10907,0,0
10911,0,0
10917,0,0
10920,0,0
10923,0,0
10926,0,0
10927,0,0
10929,0,0
10934,0,0
10935,0,0
10936,0,0
10937,0,0
10938,0,0
10939,0,0
10940,0,0
10941,0,0
10947,0,0
10951,0,0
10953,0,0
10955,0,0
10956,0,0
10957,0,0
10958,0,0
10960,0,0
10962,0,0
10965,0,0
10967,0,0
10969,0,0
10971,0,0
10972,0,0
10973,0,0
10979,0,0
10980,0,0
10981,0,0
10982,0,0
10983,0,0
10984,0,0
10985,0,0
10992,0,0
10993,0,0
10995,0,0
10997,0,0
10998,0,0
10999,0,0
11000,0,0
11001,0,0
11005,0,0
11007,0,0
11008,0,0
11016,0,0
11018,0,0
11020,0,0
11022,0,0
11023,0,0
11025,0,0
11028,0,0
11029,0,0
11031,0,0
11036,0,0
11037,0,0
11040,0,0
11045,0,0
11046,0,0
11049,0,0
11050,0,0
11059,0,0
11063,0,0
11064,0,0
11067,0,0
11069,0,0
11071,0,0
11073,0,0
11075,0,0
11079,0,0
11080,0,0
11081,0,0
11084,0,0
11085,0,0
11089,0,0
11091,0,0
11095,0,0
11097,0,0
11100,0,0
11101,0,0
11105,0,0
11111,0,0
11114,0,0
11115,0,0
11116,0,0
11117,0,0
11122,0,0
11123,0,0
11125,0,0
11126,0,0
11127,0,0
11131,0,0
11132,0,0
11134,0,0
11135,0,0
11138,0,0
11140,0,0
11143,0,0
11145,0,0
11147,0,0
11157,0,0
11162,0,0
11164,0,0
11165,0,0
11176,0,0
11177,0,0
11181,0,0
11185,0,0
11190,0,0
11191,0,0
11192,0,0
11195,0,0
11201,0,0
11203,0,0
11206,0,0
11207,0,0
11208,0,0
11209,0,0
11210,0,0
11211,0,0
11215,0,0
11216,0,0
11219,0,0
11221,0,0
11223,0,0
11224,0,0
11226,0,0
11228,0,0
11231,0,0
11233,0,0
11235,0,0
11236,0,0
11238,0,0
11244,0,0
11247,0,0
11252,0,0
11253,0,0
11254,0,0
11255,0,0
11258,0,0
11266,0,0
11267,0,0
11271,0,0
11278,0,0
11279,0,0
11282,0,0
11283,0,0
11284,0,0
11286,0,0
11287,0,0
11290,0,0
11291,0,0
11292,0,0
11295,0,0
11296,0,0
11297,0,0
11300,0,0
11301,0,0
11302,0,0
11304,0,0
11306,0,0
11307,0,0
11308,0,0
11309,0,0
11310,0,0
11313,0,0
11318,0,0
11320,0,0
11321,0,0
11323,0,0
11328,0,0
11329,0,0
11334,0,0
11335,0,0
11337,0,0
11339,0,0
11341,0,0
11344,0,0
11346,0,0
11348,0,0
11350,0,0
11351,0,0
11353,0,0
11355,0,0
11356,0,0
11357,0,0
11358,0,0
11361,0,0
11363,0,0
11364,0,0
11366,0,0
11367,0,0
11368,0,0
11370,0,0
11373,0,0
11375,0,0
11376,0,0
11377,0,0
11378,0,0
11379,0,0
11383,0,0
11385,0,0
11386,0,0
11389,0,0
11390,0,0
11395,0,0
11399,0,0
11401,0,0
11402,0,0
11407,0,0
11411,0,0
11417,0,0
11420,0,0
11423,0,0
11426,0,0
11427,0,0
11429,0,0
11434,0,0
11435,0,0
11436,0,0
11437,0,0
11438,0,0
11439,0,0
11440,0,0
11441,0,0
11443,0,0
11444,0,0
11447,0,0
11451,0,0
11453,0,0
11455,0,0
11456,0,0
11457,0,0
11458,0,0
11460,0,0
11462,0,0
11465,0,0
11467,0,0
11469,0,0
11471,0,0
11472,0,0
11473,0,0
11479,0,0
11480,0,0
11481,0,0
11482,0,0
11483,0,0
11484,0,0
11485,0,0
11489,0,0
11492,0,0
11493,0,0
11495,0,0
11497,0,0
11498,0,0
11499,0,0
11500,0,0
11501,0,0
11503,0,0
11504,0,0
11505,0,0
11507,0,0
11508,0,0
11514,0,0
11515,0,0
11516,0,0
11517,0,0
11518,0,0
11519,0,0
11521,0,0
11522,0,0
11523,0,0
11524,0,0
11525,0,0
11527,0,0
11528,0,0
11529,0,0
11530,0,0
11531,0,0
11532,0,0
11534,0,0
11535,0,0
11536,0,0
11537,0,0
11538,0,0
11540,0,0
11541,0,0
11542,0,0
11544,0,0
11545,0,0
11546,0,0
11547,0,0
11548,0,0
11549,0,0
11550,0,0
11554,0,0
11555,0,0
11557,0,0
11560,0,0
11561,0,0
11563,0,0
11564,0,0
11565,0,0
11566,0,0
11567,0,0
11568,0,0
11569,0,0
11570,0,0
11571,0,0
11573,0,0
11575,0,0
11576,0,0
11577,0,0
11578,0,0
11579,0,0
11580,0,0
11581,0,0
11584,0,0
11585,0,0
11587,0,0
11588,0,0
11589,0,0
11591,0,0
11592,0,0
11594,0,0
11597,0,0
11600,0,0
11601,0,0
11605,0,0
11607,0,0
11608,0,0
11609,0,0
11610,0,0
11611,0,0
11612,0,0
11614,0,0
11615,0,0
11616,0,0
11617,0,0
11618,0,0
11619,0,0
11622,0,0
11623,0,0
11625,0,0
11626,0,0
11627,0,0
11628,0,0
11630,0,0
11631,0,0
11634,0,0
11635,0,0
11636,0,0
11638,0,0
11639,0,0
11640,0,0
11641,0,0
11642,0,0
11643,0,0
11644,0,0
11645,0,0
11646,0,0
11647,0,0
11648,0,0
11649,0,0
11650,0,0
11652,0,0
11653,0,0
11654,0,0
11657,0,0
11658,0,0
11661,0,0
11663,0,0
11664,0,0
11665,0,0
11666,0,0
11667,0,0
11668,0,0
11669,0,0
11670,0,0
11672,0,0
11673,0,0
11676,0,0
11677,0,0
11679,0,0
11681,0,0
11682,0,0
11683,0,0
11684,0,0
11685,0,0
11686,0,0
11689,0,0
11690,0,0
11691,0,0
11692,0,0
11694,0,0
11695,0,0
11696,0,0
11703,0,0
11705,0,0
11707,0,0
11708,0,0
11709,0,0
11710,0,0
11711,0,0
11712,0,0
11713,0,0
11715,0,0
11716,0,0
11717,0,0
11719,0,0
11721,0,0
11722,0,0
11723,0,0
11724,0,0
11725,0,0
11726,0,0
11728,0,0
11729,0,0
11731,0,0
11732,0,0
11733,0,0
11735,0,0
11736,0,0
11738,0,0
11741,0,0
11742,0,0
11743,0,0
11744,0,0
11747,0,0
11750,0,0
11751,0,0
11753,0,0
11754,0,0
11755,0,0
11758,0,0
11760,0,0
11761,0,0
11762,0,0
11763,0,0
11764,0,0
11766,0,0
11767,0,0
11771,0,0
11773,0,0
11775,0,0
11777,0,0
11778,0,0
11779,0,0
11780,0,0
11781,0,0
11782,0,0
11783,0,0
11784,0,0
11785,0,0
11786,0,0
11787,0,0
11788,0,0
11789,0,0
11790,0,0
11791,0,0
11792,0,0
11794,0,0
11795,0,0
11796,0,0
11797,0,0
11799,0,0
11800,0,0
11801,0,0
11802,0,0
11805,0,0
11806,0,0
11807,0,0
11808,0,0
11809,0,0
11810,0,0
11811,0,0
11812,0,0
11813,0,0
11815,0,0
11817,0,0
11818,0,0
11820,0,0
11821,0,0
11822,0,0
11823,0,0
11824,0,0
11825,0,0
11826,0,0
11828,0,0
11829,0,0
11830,0,0
11833,0,0
11834,0,0
11835,0,0
11837,0,0
11838,0,0
11839,0,0
11840,0,0
11841,0,0
11842,0,0
11844,0,0
11846,0,0
11847,0,0
11848,0,0
11849,0,0
11850,0,0
11851,0,0
11852,0,0
11853,0,0
11854,0,0
11855,0,0
11856,0,0
11857,0,0
11861,0,0
11863,0,0
11864,0,0
11866,0,0
11867,0,0
11868,0,0
11869,0,0
11870,0,0
11871,0,0
11872,0,0
11873,0,0
11874,0,0
11875,0,0
11876,0,0
11877,0,0
11878,0,0
11879,0,0
11882,0,0
11883,0,0
11884,0,0
11885,0,0
11886,0,0
11887,0,0
11889,0,0
11890,0,0
11891,0,0
11894,0,0
11895,0,0
11897,0,0
11899,0,0
11900,0,0
11901,0,0
11902,0,0
11907,0,0
11911,0,0
11912,0,0
11914,0,0
11917,0,0
11920,0,0
11921,0,0
11923,0,0
11926,0,0
11927,0,0
11928,0,0
11929,0,0
11931,0,0
11934,0,0
11935,0,0
11936,0,0
11937,0,0
11938,0,0
11939,0,0
11940,0,0
11941,0,0
11943,0,0
11944,0,0
11945,0,0
11947,0,0
11951,0,0
11952,0,0
11953,0,0
11955,0,0
11956,0,0
11957,0,0
11958,0,0
11959,0,0
11960,0,0
11961,0,0
11962,0,0
11964,0,0
11965,0,0
11967,0,0
11968,0,0
11969,0,0
11971,0,0
11972,0,0
11973,0,0
11974,0,0
11976,0,0
11978,0,0
11979,0,0
11980,0,0
11981,0,0
11982,0,0
11983,0,0
11984,0,0
11985,0,0
11989,0,0
11990,0,0
11991,0,0
11992,0,0
11993,0,0
11995,0,0
11997,0,0
11998,0,0
11999,0,0
12000,0,0
12001,0,0
12005,0,0
12007,0,0
12008,0,0
12012,0,0
12013,0,0
12014,0,0
12015,0,0
12016,0,0
12017,0,0
12018,0,0
12020,0,0
12022,0,0
12023,0,0
12024,0,0
12025,0,0
12026,0,0
12027,0,0
12028,0,0
12029,0,0
12030,0,0
12031,0,0
12032,0,0
12034,0,0
12035,0,0
12036,0,0
12037,0,0
12038,0,0
12040,0,0
12042,0,0
12045,0,0
12046,0,0
12048,0,0
12049,0,0
12050,0,0
12055,0,0
12059,0,0
12060,0,0
12061,0,0
12062,0,0
12063,0,0
12064,0,0
12065,0,0
12066,0,0
12067,0,0
12068,0,0
12069,0,0
12071,0,0
12073,0,0
12074,0,0
12075,0,0
12079,0,0
12080,0,0
12081,0,0
12082,0,0
12084,0,0
12085,0,0
12087,0,0
12088,0,0
12089,0,0
12091,0,0
12094,0,0
12095,0,0
12097,0,0
12100,0,0
12101,0,0
12102,0,0
12105,0,0
12107,0,0
12108,0,0
12110,0,0
12111,0,0
12112,0,0
12113,0,0
12114,0,0
12115,0,0
12116,0,0
12117,0,0
12119,0,0
12122,0,0
12123,0,0
12124,0,0
12125,0,0
12126,0,0
12127,0,0
12131,0,0
12132,0,0
12134,0,0
12135,0,0
12138,0,0
12139,0,0
12140,0,0
12143,0,0
12145,0,0
12147,0,0
12148,0,0
12150,0,0
12152,0,0
12153,0,0
12154,0,0
12157,0,0
12161,0,0
12162,0,0
12163,0,0
12164,0,0
12165,0,0
12166,0,0
12167,0,0
12169,0,0
12170,0,0
12172,0,0
12176,0,0
12177,0,0
12181,0,0
12184,0,0
12185,0,0
12190,0,0
12192,0,0
12193,0,0
12195,0,0
12201,0,0
12203,0,0
12206,0,0
12207,0,0
12208,0,0
12209,0,0
12210,0,0
12211,0,0
12213,0,0
12215,0,0
12216,0,0
12217,0,0
12219,0,0
12221,0,0
12222,0,0
12223,0,0
12224,0,0
12225,0,0
12226,0,0
12227,0,0
12228,0,0
12229,0,0
12230,0,0
12231,0,0
12232,0,0
12233,0,0
12235,0,0
12236,0,0
12238,0,0
12241,0,0
12243,0,0
12244,0,0
12247,0,0
12250,0,0
12252,0,0
12253,0,0
12254,0,0
12255,0,0
12257,0,0
12258,0,0
12261,0,0
12262,0,0
12263,0,0
12266,0,0
12267,0,0
12269,0,0
12271,0,0
12273,0,0
12275,0,0
12276,0,0
12278,0,0
12279,0,0
12282,0,0
12283,0,0
12284,0,0
12286,0,0
12287,0,0
12288,0,0
12289,0,0
12290,0,0
12291,0,0
12292,0,0
12293,0,0
12294,0,0
12295,0,0
12296,0,0
12297,0,0
12299,0,0
12300,0,0
12301,0,0
12302,0,0
12304,0,0
12305,0,0
12306,0,0
12307,0,0
12308,0,0
12309,0,0
12310,0,0
12311,0,0
12313,0,0
12315,0,0
12316,0,0
12317,0,0
12318,0,0
12320,0,0
12321,0,0
12323,0,0
12325,0,0
12326,0,0
12328,0,0
12329,0,0
12330,0,0
12332,0,0
12333,0,0
12334,0,0
12335,0,0
12336,0,0
12337,0,0
12338,0,0
12339,0,0
12341,0,0
12342,0,0
12344,0,0
12346,0,0
12347,0,0
12348,0,0
12349,0,0
12350,0,0
12351,0,0
12352,0,0
12353,0,0
12354,0,0
12355,0,0
12356,0,0
12357,0,0
12358,0,0
12361,0,0
12363,0,0
12366,0,0
12367,0,0
12368,0,0
12369,0,0
12370,0,0
12372,0,0
12373,0,0
12375,0,0
12376,0,0
12377,0,0
12378,0,0
12379,0,0
12383,0,0
12385,0,0
12386,0,0
12387,0,0
12389,0,0
12390,0,0
12391,0,0
12394,0,0
12395,0,0
12399,0,0
12400,0,0
12401,0,0
12402,0,0
12403,0,0
12405,0,0
12407,0,0
12410,0,0
12411,0,0
12412,0,0
12415,0,0
12417,0,0
12418,0,0
12420,0,0
12423,0,0
12425,0,0
12426,0,0
12427,0,0
12429,0,0
12434,0,0
12435,0,0
12436,0,0
12437,0,0
12438,0,0
12439,0,0
12440,0,0
12441,0,0
12443,0,0
12444,0,0
12445,0,0
12446,0,0
12447,0,0
12451,0,0
12452,0,0
12453,0,0
12455,0,0
12456,0,0
12457,0,0
12458,0,0
12459,0,0
12460,0,0
12461,0,0
12462,0,0
12464,0,0
12465,0,0
12467,0,0
12469,0,0
12471,0,0
12472,0,0
12473,0,0
12474,0,0
12476,0,0
12478,0,0
12479,0,0
12480,0,0
12481,0,0
12482,0,0
12483,0,0
12484,0,0
12485,0,0
12486,0,0
12487,0,0
12489,0,0
12490,0,0
12492,0,0
12493,0,0
12495,0,0
12497,0,0
12498,0,0
12508,0,0
12515,0,0
12525,0,0
12536,0,0
12545,0,0
12549,0,0
12555,0,0
12559,0,0
12564,0,0
12565,0,0
12580,0,0
12581,0,0
12582,0,0
12585,0,0
12600,0,0
12605,0,0
12607,0,0
12608,0,0
12609,0,0
12615,0,0
12616,0,0
12625,0,0
12645,0,0
12647,0,0
12676,0,0
12677,0,0
12685,0,0
12686,0,0
12707,0,0
12709,0,0
12711,0,0
12712,0,0
12719,0,0
12721,0,0
12723,0,0
12724,0,0
12731,0,0
12733,0,0
12735,0,0
12736,0,0
12739,0,0
12744,0,0
12754,0,0
12755,0,0
12762,0,0
12771,0,0
12775,0,0
12779,0,0
12787,0,0
12792,0,0
12795,0,0
12796,0,0
12799,0,0
12802,0,0
12806,0,0
12815,0,0
12829,0,0
12835,0,0
12837,0,0
12844,0,0
12848,0,0
12850,0,0
12853,0,0
12857,0,0
12866,0,0
12870,0,0
12876,0,0
12877,0,0
12883,0,0
12885,0,0
12895,0,0
12920,0,0
12923,0,0
12935,0,0
12941,0,0
12953,0,0
12955,0,0
12957,0,0
12965,0,0
12981,0,0
12982,0,0
12992,0,0
12996,0,0
12998,0,0
12999,0,0
13000,0,0
13005,0,0
13008,0,0
13016,0,0
13018,0,0
13022,0,0
13023,0,0
13025,0,0
13026,0,0
13029,0,0
13036,0,0
13037,0,0
13040,0,0
13046,0,0
13049,0,0
13055,0,0
13059,0,0
13063,0,0
13064,0,0
13067,0,0
13071,0,0
13075,0,0
13079,0,0
13080,0,0
13081,0,0
13084,0,0
13085,0,0
13089,0,0
13091,0,0
13097,0,0
13100,0,0
13101,0,0
13105,0,0
13107,0,0
13111,0,0
13115,0,0
13116,0,0
13117,0,0
13123,0,0
13125,0,0
13126,0,0
13134,0,0
13138,0,0
13145,0,0
13147,0,0
13162,0,0
13165,0,0
13169,0,0
13177,0,0
13181,0,0
13195,0,0
13207,0,0
13208,0,0
13209,0,0
13210,0,0
13211,0,0
13216,0,0
13219,0,0
13222,0,0
13223,0,0
13224,0,0
13226,0,0
13228,0,0
13231,0,0
13233,0,0
13235,0,0
13244,0,0
13253,0,0
13254,0,0
13257,0,0
13258,0,0
13266,0,0
13267,0,0
13271,0,0
13278,0,0
13279,0,0
13282,0,0
13283,0,0
13284,0,0
13287,0,0
13291,0,0
13294,0,0
13295,0,0
13296,0,0
13297,0,0
13300,0,0
13302,0,0
13307,0,0
13308,0,0
13309,0,0
13313,0,0
13318,0,0
13321,0,0
13328,0,0
13329,0,0
13334,0,0
13335,0,0
13337,0,0
13339,0,0
13341,0,0
13350,0,0
13351,0,0
13353,0,0
13357,0,0
13361,0,0
13364,0,0
13366,0,0
13367,0,0
13373,0,0
13376,0,0
13378,0,0
13385,0,0
13389,0,0
13395,0,0
13401,0,0
13407,0,0
13411,0,0
13417,0,0
13423,0,0
13426,0,0
13434,0,0
13435,0,0
13436,0,0
13437,0,0
13439,0,0
13441,0,0
13451,0,0
13455,0,0
13457,0,0
13458,0,0
13462,0,0
13465,0,0
13467,0,0
13471,0,0
13472,0,0
13473,0,0
13479,0,0
13480,0,0
13481,0,0
13482,0,0
13483,0,0
13484,0,0
13485,0,0
13487,0,0
13495,0,0
13497,0,0
13498,0,0
13499,0,0
13500,0,0
13501,0,0
13505,0,0
13507,0,0
13508,0,0
13516,0,0
13518,0,0
13522,0,0
13523,0,0
13525,0,0
13528,0,0
13529,0,0
13531,0,0
13536,0,0
13537,0,0
13540,0,0
13545,0,0
13546,0,0
13549,0,0
13550,0,0
13559,0,0
13563,0,0
13564,0,0
13567,0,0
13571,0,0
13575,0,0
13579,0,0
13580,0,0
13581,0,0
13584,0,0
13585,0,0
13589,0,0
13591,0,0
13597,0,0
13600,0,0
13601,0,0
13605,0,0
13607,0,0
13611,0,0
13614,0,0
13615,0,0
13616,0,0
13617,0,0
13622,0,0
13623,0,0
13625,0,0
13626,0,0
13627,0,0
13631,0,0
13632,0,0
13634,0,0
13635,0,0
13638,0,0
13640,0,0
13643,0,0
13645,0,0
13647,0,0
13657,0,0
13662,0,0
13665,0,0
13676,0,0
13677,0,0
13681,0,0
13685,0,0
13690,0,0
13692,0,0
13695,0,0
13701,0,0
13707,0,0
13708,0,0
13709,0,0
13710,0,0
13711,0,0
13715,0,0
13716,0,0
13719,0,0
13721,0,0
13723,0,0
13724,0,0
13726,0,0
13728,0,0
13731,0,0
13733,0,0
13735,0,0
13738,0,0
13744,0,0
13747,0,0
13752,0,0
13753,0,0
13754,0,0
13755,0,0
13758,0,0
13766,0,0
13767,0,0
13771,0,0
13778,0,0
13779,0,0
13782,0,0
13783,0,0
13784,0,0
13787,0,0
13790,0,0
13791,0,0
13795,0,0
13796,0,0
13800,0,0
13801,0,0
13802,0,0
13804,0,0
13806,0,0
13807,0,0
13808,0,0
13809,0,0
13813,0,0
13818,0,0
13821,0,0
13828,0,0
13829,0,0
13834,0,0
13835,0,0
13837,0,0
13839,0,0
13841,0,0
13842,0,0
13844,0,0
13846,0,0
13848,0,0
13850,0,0
13851,0,0
13853,0,0
13855,0,0
13856,0,0
13857,0,0
13858,0,0
13861,0,0
13863,0,0
13864,0,0
13866,0,0
13867,0,0
13870,0,0
13873,0,0
13876,0,0
13877,0,0
13878,0,0
13879,0,0
13883,0,0
13885,0,0
13889,0,0
13890,0,0
13895,0,0
13899,0,0
13901,0,0
13907,0,0
13911,0,0
13917,0,0
13920,0,0
13923,0,0
13926,0,0
13927,0,0
13929,0,0
13934,0,0
13935,0,0
13936,0,0
13937,0,0
13938,0,0
13939,0,0
13940,0,0
13941,0,0
13947,0,0
13951,0,0
13953,0,0
13955,0,0
13956,0,0
13957,0,0
13958,0,0
13960,0,0
13962,0,0
13965,0,0
13967,0,0
13969,0,0
13971,0,0
13972,0,0
13973,0,0
13979,0,0
13980,0,0
13981,0,0
13982,0,0
13983,0,0
13984,0,0
13985,0,0
13992,0,0
13993,0,0
13995,0,0
13997,0,0
13998,0,0
14000,0,0
14001,0,0
14007,0,0
14008,0,0
14016,0,0
14022,0,0
14023,0,0
14028,0,0
14029,0,0
14031,0,0
14036,0,0
14040,0,0
14045,0,0
14046,0,0
14047,0,0
14049,0,0
14071,0,0
14079,0,0
14080,0,0
14081,0,0
14084,0,0
14085,0,0
14091,0,0
14097,0,0
14100,0,0
14101,0,0
14105,0,0
14111,0,0
14115,0,0
14117,0,0
14122,0,0
14123,0,0
14125,0,0
14126,0,0
14131,0,0
14134,0,0
14135,0,0
14145,0,0
14165,0,0
14172,0,0
14176,0,0
14177,0,0
14181,0,0
14195,0,0
14203,0,0
14209,0,0
14210,0,0
14216,0,0
14219,0,0
14221,0,0
14223,0,0
14224,0,0
14231,0,0
14233,0,0
14235,0,0
14238,0,0
14247,0,0
14253,0,0
14258,0,0
14267,0,0
14279,0,0
14281,0,0
14282,0,0
14283,0,0
14284,0,0
14287,0,0
14291,0,0
14295,0,0
14296,0,0
14297,0,0
14299,0,0
14302,0,0
14304,0,0
14309,0,0
14310,0,0
14318,0,0
14321,0,0
14322,0,0
14329,0,0
14334,0,0
14335,0,0
14337,0,0
14338,0,0
14340,0,0
14344,0,0
14348,0,0
14350,0,0
14351,0,0
14353,0,0
14356,0,0
14357,0,0
14366,0,0
14367,0,0
14370,0,0
14373,0,0
14377,0,0
14378,0,0
14379,0,0
14383,0,0
14389,0,0
14390,0,0
14395,0,0
14399,0,0
14401,0,0
14407,0,0
14417,0,0
14426,0,0
14434,0,0
14435,0,0
14436,0,0
14437,0,0
14447,0,0
14455,0,0
14457,0,0
14458,0,0
14461,0,0
14462,0,0
14467,0,0
14469,0,0
14471,0,0
14472,0,0
14473,0,0
14479,0,0
14480,0,0
14481,0,0
14483,0,0
14493,0,0
14498,0,0
14499,0,0
14500,0,0
14508,0,0
14516,0,0
14523,0,0
14525,0,0
14526,0,0
14529,0,0
14540,0,0
14545,0,0
14546,0,0
14563,0,0
14575,0,0
14579,0,0
14584,0,0
14585,0,0
14591,0,0
14600,0,0
14601,0,0
14605,0,0
14616,0,0
14625,0,0
14632,0,0
14634,0,0
14635,0,0
14645,0,0
14647,0,0
14662,0,0
14708,0,0
14709,0,0
14710,0,0
14711,0,0
14716,0,0
14719,0,0
14723,0,0
14724,0,0
14726,0,0
14731,0,0
14735,0,0
14744,0,0
14753,0,0
14754,0,0
14758,0,0
14778,0,0
14779,0,0
14784,0,0
14787,0,0
14791,0,0
14794,0,0
14801,0,0
14809,0,0
14818,0,0
14821,0,0
14834,0,0
14835,0,0
14837,0,0
14839,0,0
14841,0,0
14848,0,0
14853,0,0
14857,0,0
14866,0,0
14878,0,0
14885,0,0
14917,0,0
14926,0,0
14929,0,0
14936,0,0
14937,0,0
14941,0,0
14947,0,0
14955,0,0
14956,0,0
14957,0,0
14958,0,0
14967,0,0
14971,0,0
14972,0,0
14980,0,0
14981,0,0
14982,0,0
14983,0,0
14984,0,0
14987,0,0
14998,0,0
14999,0,1
15000,0,0
15001,0,0
15007,0,0
15008,0,0
15016,0,0
15018,0,0
15023,0,0
15025,0,1
15028,0,0
15029,0,0
15031,0,1
15035,0,1
15036,0,0
15045,0,0
15046,0,0
15049,0,0
15050,0,0
15067,0,0
15069,0,0
15079,0,0
15080,0,0
15081,0,0
15084,0,0
15085,0,0
15087,0,0
15089,0,0
15091,0,0
15097,0,0
15100,0,0
15101,0,0
15105,0,0
15111,0,0
15115,0,0
15116,0,0
15117,0,0
15122,0,0
15123,0,0
15125,0,0
15131,0,0
15132,0,0
15134,0,0
15145,0,0
15147,0,0
15157,0,0
15162,0,0
15166,0,0
15177,0,0
15184,0,0
15185,0,0
15207,0,0
15208,0,0
15209,0,0
15210,0,0
15211,0,0
15216,0,0
15219,0,0
15221,0,0
15223,0,0
15224,0,0
15226,0,0
15231,0,0
15233,0,0
15235,0,0
15238,0,0
15244,0,0
15250,0,0
15253,0,0
15254,0,0
15255,0,0
15258,0,0
15267,0,0
15282,0,1
15283,0,0
15284,0,1
15286,0,0
15287,0,0
15290,0,0
15291,0,0
15295,0,0
15296,0,0
15300,0,0
15302,0,0
15308,0,0
15310,0,0
15315,0,0
15318,0,0
15320,0,0
15321,0,0
15329,0,0
15335,0,0
15337,0,0
15342,0,0
15350,0,0
15351,0,0
15353,0,0
15354,0,0
15356,0,0
15357,0,0
15363,0,0
15367,0,0
15370,0,0
15376,0,0
15377,0,0
15378,0,0
15383,0,0
15385,0,0
15389,0,0
15395,0,0
15399,0,0
15401,0,0
15407,0,0
15417,0,0
15426,0,0
15429,0,0
15434,0,0
15435,0,0
15438,0,0
15441,0,0
15444,0,0
15447,0,0
15451,0,0
15455,0,0
15457,0,0
15458,0,0
15461,0,0
15465,0,0
15467,0,0
15471,0,0
15472,0,0
15480,0,0
15481,0,0
15483,0,0
15484,0,0
15498,1,1
15499,1,1
15500,1,1
15501,1,1
15502,1,1
15503,1,1
15504,1,1
15505,1,1
15506,1,1
15507,1,0
15508,1,1
15509,1,1
15510,1,1
15511,1,1
15512,1,1
15513,1,1
15514,1,1
15515,1,1
15516,1,1
15517,1,1
15518,1,1
15520,1,1
15521,1,1
15523,1,1
15525,1,1
15526,1,1
15527,1,1
15528,1,1
15529,1,1
15531,1,1
15532,1,1
15533,1,1
15534,1,1
15535,1,1
15536,1,1
15537,1,1
15538,1,1
15539,1,1
15540,1,1
15541,1,1
15542,1,1
15543,1,1
15545,1,1
15546,1,1
15547,1,1
15548,1,1
15549,1,1
15550,1,1
15552,1,1
15553,1,1
15554,1,1
15555,1,1
15556,1,1
15557,1,1
15558,1,1
15559,1,1
15560,1,1
15561,1,1
15562,1,1
15563,1,1
15564,1,1
15565,1,1
15566,1,1
15567,1,1
15568,1,0
15570,1,1
15572,1,1
15574,1,1
15575,1,1
15576,1,1
15577,1,1
15578,1,1
15579,1,1
15580,1,1
15581,1,1
15583,1,1
15584,1,1
15585,1,1
15587,1,1
15588,1,1
15589,1,1
15590,1,1
15591,1,1
15592,1,1
15593,1,1
15594,1,1
15595,1,1
15596,1,1
15597,1,1
15598,1,1
15599,1,1
15600,1,1
15601,1,1
15603,1,1
15604,1,1
15605,1,1
15607,1,1
15608,1,1
15609,1,1
15611,1,1
15612,1,0
15613,1,1
15614,1,1
15615,1,1
15616,1,1
15617,1,1
15618,1,1
15622,1,1
15623,1,1
15624,1,1
15626,1,1
15628,1,1
15629,1,1
15630,1,1
15631,1,1
15632,1,1
15633,1,1
15635,1,0
15637,1,1
15638,1,1
15640,1,1
15641,1,1
15642,1,1
15643,1,1
15644,1,1
15645,1,1
15648,1,1
15649,1,1
15650,1,1
15651,1,1
15652,1,1
15653,1,1
15654,1,1
15655,1,0
15656,1,1
15657,1,1
15658,1,1
15659,1,1
15660,1,1
15661,1,1
15663,1,1
15664,1,1
15665,1,1
15666,1,1
15667,1,1
15668,1,1
15669,1,1
15670,1,1
15671,1,1
15672,1,1
15673,1,1
15675,1,1
15676,1,1
15677,1,1
15678,1,1
15681,1,1
15682,1,1
15683,1,1
15684,1,1
15687,1,1
15688,1,1
15689,1,1
15690,1,1
15692,1,1
15694,1,1
15696,1,1
15697,1,1
15699,1,1
15700,1,1
15701,1,1
15702,1,1
15703,1,1
15704,1,1
15705,1,1
15706,1,1
15707,1,1
15708,1,1
15709,1,1
15710,1,1
15711,1,1
15712,1,1
15714,1,1
15715,1,0
15716,1,1
15718,1,1
15721,1,1
15722,1,1
15723,1,1
15724,1,1
15725,1,1
15726,1,1
15727,1,1
15728,1,1
15731,1,1
15732,1,1
15733,1,1
15734,1,1
15735,1,1
15739,1,1
15740,1,1
15741,1,1
15742,1,1
15743,1,1
15744,1,0
15745,1,1
15746,1,1
15747,1,1
15748,1,0
15749,1,1
15750,1,1
15751,1,1
15752,1,1
15753,1,1
15754,1,1
15755,1,1
15756,1,1
15757,1,1
15758,1,1
15759,1,1
15760,1,1
15761,1,1
15763,1,1
15765,1,1
15766,1,1
15767,1,1
15768,1,1
15769,1,1
15770,1,1
15772,1,1
15774,1,1
15775,1,1
15776,1,1
15778,1,1
15780,1,1
15782,1,1
15783,1,1
15784,1,1
15785,1,1
15786,1,1
15787,1,1
15789,1,1
15791,1,1
15792,1,1
15794,1,1
15795,1,1
15796,1,0
15797,1,1
15798,1,1
15799,1,1
15800,1,1
15804,1,1
15806,1,1
15807,1,1
15808,1,1
15809,1,1
15812,1,1
15813,1,1
15814,1,1
15816,1,1
15817,1,1
15818,1,1
15819,1,1
15820,1,1
15821,1,1
15823,1,1
15824,1,1
15825,1,1
15826,1,1
15828,1,1
15829,1,1
15830,1,1
15831,1,1
15832,1,1
15833,1,1
15834,1,1
15835,1,1
15836,1,1
15838,1,1
15839,1,1
15840,1,1
15841,1,1
15842,1,1
15843,1,1
15844,1,1
15845,1,1
15846,1,1
15847,1,1
15848,1,1
15849,1,1
15850,1,1
15851,1,1
15852,1,1
15854,1,1
15855,1,1
15856,1,1
15857,1,1
15858,1,1
15859,1,0
15861,1,1
15862,1,1
15863,1,1
15865,1,1
15866,1,1
15867,1,1
15869,1,1
15870,1,1
15871,1,1
15872,1,1
15873,1,1
15874,1,1
15875,1,1
15876,1,1
15877,1,1
15879,1,1
15880,1,1
15881,1,1
15883,1,1
15884,1,1
15885,1,1
15886,1,1
15887,1,1
15888,1,1
15889,1,1
15890,1,1
15891,1,1
15892,1,1
15893,1,1
15894,1,1
15896,1,1
15897,1,1
15898,1,1
15899,1,1
15900,1,1
15901,1,1
15902,1,1
15903,1,1
15904,1,1
15905,1,0
15906,1,1
15907,1,1
15908,1,1
15910,1,1
15911,1,1
15912,1,1
15913,1,1
15914,1,1
15915,1,1
15916,1,1
15917,1,1
15919,1,1
15920,1,1
15921,1,1
15922,1,1
15923,1,1
15924,1,1
15925,1,1
15926,1,1
15928,1,1
15930,1,1
15931,1,1
15932,1,1
15933,1,1
15934,1,1
15935,1,1
15936,1,0
15937,1,1
15938,1,1
15939,1,1
15940,1,0
15941,1,1
15942,1,1
15944,1,1
15945,1,1
15947,1,1
15948,1,1
15949,1,1
15950,1,1
15951,1,1
15952,1,1
15953,1,1
15954,1,1
15955,1,1
15956,1,1
15957,1,1
15958,1,0
15960,1,1
15961,1,1
15962,1,1
15964,1,1
15965,1,1
15966,1,1
15967,1,1
15968,1,1
15969,1,1
15970,1,1
15971,1,1
15973,1,1
15975,1,1
15976,1,1
15977,1,1
15978,1,1
15979,1,1
15980,1,1
15981,1,1
15982,1,1
15983,1,1
15984,1,1
15985,1,1
15986,1,1
15987,1,1
15988,1,1
15989,1,1
15990,1,1
15991,1,1
15992,1,1
15993,1,1
15995,1,1
15996,1,1
15997,1,1
15999,0,0
16000,0,0
16001,0,0
16010,0,0
16014,0,0
16015,0,0
16018,0,0
16019,0,0
16020,0,0
16024,0,0
16027,0,0
16028,0,0
16029,0,0
16032,0,0
16034,0,0
16038,0,0
16039,0,0
16044,0,0
16045,0,0
16046,0,0
16047,0,0
16048,0,0
16049,0,0
16051,0,0
16060,0,0
16061,0,0
16064,0,0
16067,0,0
16072,0,0
16075,0,0
16078,0,0
16082,0,0
16084,0,0
16088,0,0
16089,0,0
16096,0,0
16097,0,0
16098,0,0
16099,0,0
16103,0,0
16106,0,0
16108,0,0
16111,0,0
16112,0,0
16115,0,0
16117,0,0
16119,0,0
16120,0,0
16123,0,0
16125,0,0
16126,0,0
16135,0,0
16139,0,0
16140,0,0
16141,0,0
16143,0,0
16147,0,0
16148,0,0
16149,0,0
16151,0,0
16152,0,0
16153,0,0
16155,0,0
16156,0,0
16158,0,0
16164,0,0
16166,0,0
16169,0,0
16170,0,0
16171,0,0
16183,0,0
16189,0,0
16190,0,0
16193,0,0
16195,0,0
16200,0,0
16202,0,0
16204,0,0
16205,0,1
16209,0,0
16211,0,0
16213,0,0
16218,0,0
16219,0,0
16221,0,0
16223,0,0
16226,0,0
16229,0,0
16234,0,0
16235,0,0
16237,0,0
16242,0,0
16244,0,0
16247,0,0
16248,0,0
16251,0,0
16255,0,0
16257,0,0
16260,0,0
16264,0,0
16267,0,1
16268,0,0
16269,0,0
16271,0,0
16273,0,0
16274,0,0
16275,0,0
16278,0,0
16282,0,0
16283,0,0
16290,0,0
16294,0,0
16295,0,0
16296,0,0
16298,0,0
16302,0,0
16303,0,0
16304,0,0
16307,0,0
16311,0,0
16312,0,0
16314,0,0
16316,0,0
16318,0,0
16320,0,0
16323,0,0
16324,0,0
16327,0,0
16329,0,0
16331,0,0
16332,0,0
16336,0,0
16338,0,0
16340,0,0
16341,0,1
16346,0,0
16356,0,0
16358,0,0
16362,0,0
16367,0,0
16370,0,0
16374,0,0
16375,0,0
16376,0,0
16378,0,0
16379,0,0
16383,0,0
16384,0,0
16387,0,0
16389,0,0
16393,0,0
16397,0,0
16399,0,0
16404,0,0
16405,0,0
16406,0,0
16411,0,0
16412,0,0
16414,0,0
16417,0,0
16420,0,0
16423,0,0
16425,0,0
16429,0,0
16436,0,0
16440,0,0
16442,0,0
16443,0,0
16448,0,0
16449,0,0
16455,0,1
16458,0,0
16459,0,0
16461,0,0
16466,0,0
16468,0,0
16469,0,0
16477,0,0
16479,0,0
16480,0,0
16481,0,0
16482,0,0
16483,0,0
16485,0,0
16488,0,0
16490,0,0
16498,0,0
16499,0,0
16500,0,0
16505,0,0
16507,0,0
16508,0,0
16514,0,0
16515,0,0
16516,0,0
16520,0,0
16523,0,0
16528,0,0
16532,0,0
16533,0,0
16535,0,0
16538,0,0
16542,0,0
16547,0,0
16549,0,0
16550,0,0
16551,0,0
16552,0,0
16560,0,0
16561,0,0
16562,0,0
16565,0,0
16566,0,0
16567,0,0
16571,0,0
16573,0,0
16577,0,0
16584,0,0
16585,0,0
16588,0,0
16589,0,0
16591,0,0
16592,0,0
16593,0,0
16594,0,0
16598,0,0
16601,0,0
16602,0,0
16607,0,0
16609,0,0
16610,0,0
16615,0,0
16618,0,0
16619,0,0
16623,0,0
16626,0,0
16630,0,0
16631,0,0
16633,0,0
16634,0,0
16637,0,0
16638,0,0
16639,0,0
16642,0,0
16643,0,0
16646,0,0
16649,0,0
16652,0,0
16655,0,0
16656,0,0
16657,0,0
16658,0,0
16660,0,0
16662,0,0
16664,0,0
16665,0,0
16669,0,0
16670,0,0
16671,0,0
16672,0,0
16673,0,0
16674,0,0
16675,0,0
16676,0,0
16677,0,0
16680,0,0
16683,0,0
16684,0,0
16690,0,0
16694,0,0
16696,0,0
16698,0,0
16699,0,0
16701,0,0
16703,0,0
16704,0,0
16707,0,0
16708,0,0
16709,0,0
16711,0,0
16712,0,0
16713,0,0
16715,0,0
16716,0,0
16717,0,0
16718,0,0
16719,0,0
16720,0,0
16722,0,0
16724,0,0
16726,0,0
16731,0,0
16734,0,0
16742,0,0
16743,0,0
16745,0,0
16747,0,0
16749,0,0
16751,0,0
16752,0,0
16756,0,0
16760,0,0
16761,0,0
16764,0,0
16765,0,0
16766,0,0
16767,0,0
16769,0,0
16771,0,0
16773,0,0
16776,0,0
16777,0,0
16789,0,0
16793,0,0
16796,0,0
16800,0,0
16801,0,0
16802,0,0
16811,0,0
16815,0,0
16816,0,0
16819,0,0
16820,0,0
16821,0,0
16825,0,0
16828,0,0
16829,0,0
16830,0,0
16833,0,0
16835,0,0
16839,0,0
16840,0,0
16845,0,0
16846,0,0
16847,0,0
16848,0,0
16849,0,0
16850,0,0
16852,0,0
16861,0,0
16862,0,0
16865,0,0
16868,0,0
16873,0,0
16876,0,0
16879,0,0
16883,0,0
16885,0,0
16889,0,0
16890,0,0
16897,0,0
16898,0,0
16899,0,0
16900,0,0
16904,0,0
16907,0,0
16909,0,0
16912,0,0
16913,0,0
16916,0,0
16918,0,0
16920,0,0
16921,0,0
16924,0,0
16926,0,0
16927,0,0
16936,0,0
16940,0,0
16941,0,0
16942,0,0
16944,0,0
16948,0,0
16949,0,0
16950,0,0
16952,0,0
16953,0,0
16954,0,0
16956,0,0
16957,0,0
16959,0,0
16965,0,0
16967,0,0
16970,0,0
16971,0,0
16972,0,0
16984,0,0
16990,0,0
16991,0,0
16994,0,0
16996,0,0
16998,0,0
16999,0,0
17000,0,0
17005,0,0
17007,0,0
17008,0,0
17014,0,0
17015,0,0
17016,0,0
17020,0,0
17023,0,0
17028,0,0
17032,0,0
17033,0,0
17035,0,0
17038,0,0
17042,0,0
17047,0,0
17049,0,0
17050,0,0
17051,0,0
17052,0,0
17060,0,0
17061,0,0
17062,0,0
17065,0,0
17066,0,0
17067,0,0
17071,0,0
17073,0,0
17077,0,0
17084,0,0
17085,0,0
17088,0,0
17089,0,0
17091,0,0
17092,0,0
17093,0,0
17094,0,0
17098,0,0
17101,0,0
17102,0,0
17107,0,0
17109,0,0
17110,0,0
17115,0,0
17118,0,0
17119,0,0
17123,0,0
17126,0,0
17130,0,0
17131,0,0
17133,0,0
17134,0,0
17137,0,0
17138,0,0
17139,0,0
17142,0,0
17143,0,0
17146,0,0
17149,0,0
17152,0,0
17155,0,0
17156,0,0
17157,0,0
17158,0,0
17160,0,0
17162,0,0
17164,0,0
17165,0,0
17169,0,0
17170,0,0
17171,0,0
17172,0,0
17173,0,0
17174,0,0
17175,0,0
17176,0,0
17177,0,0
17180,0,0
17183,0,0
17184,0,0
17190,0,0
17194,0,0
17196,0,0
17198,0,0
17199,0,0
17201,0,0
17203,0,0
17204,0,0
17207,0,0
17208,0,0
17209,0,0
17211,0,0
17212,0,0
17213,0,0
17215,0,0
17216,0,0
17217,0,0
17218,0,0
17219,0,0
17220,0,0
17222,0,0
17224,0,0
17226,0,0
17231,0,0
17234,0,0
17242,0,0
17243,0,0
17245,0,0
17247,0,0
17249,0,0
17251,0,0
17252,0,0
17256,0,0
17260,0,0
17261,0,0
17264,0,0
17265,0,0
17266,0,0
17267,0,0
17269,0,0
17271,0,0
17273,0,0
17276,0,0
17277,0,0
17289,0,0
17293,0,0
17296,0,0
17300,0,0
17301,0,0
17302,0,0
17311,0,0
17315,0,0
17316,0,0
17319,0,0
17320,0,0
17321,0,0
17325,0,0
17328,0,0
17329,0,0
17330,0,0
17333,0,0
17335,0,0
17339,0,0
17340,0,0
17345,0,0
17346,0,0
17347,0,0
17348,0,0
17349,0,0
17350,0,0
17352,0,0
17361,0,0
17362,0,0
17365,0,0
17368,0,0
17373,0,0
17376,0,0
17379,0,0
17383,0,0
17385,0,0
17389,0,0
17390,0,0
17397,0,0
17398,0,0
17399,0,0
17400,0,0
17404,0,0
17407,0,0
17409,0,0
17412,0,0
17413,0,0
17416,0,0
17418,0,0
17420,0,0
17421,0,0
17424,0,0
17426,0,0
17427,0,0
17436,0,0
17440,0,0
17441,0,0
17442,0,0
17444,0,0
17448,0,0
17449,0,0
17450,0,0
17452,0,0
17453,0,0
17454,0,0
17456,0,0
17457,0,0
17459,0,0
17465,0,0
17467,0,0
17470,0,0
17471,0,0
17472,0,0
17484,0,0
17490,0,0
17491,0,0
17494,0,0
17496,0,0
17498,0,0
17499,0,0
17500,0,0
17505,0,0
17507,0,0
17508,0,0
17514,0,0
17515,0,0
17516,0,0
17520,0,0
17523,0,0
17528,0,0
17532,0,0
17533,0,0
17535,0,0
17538,0,0
17542,0,0
17547,0,0
17549,0,0
17550,0,0
17551,0,0
17552,0,0
17560,0,0
17561,0,0
17562,0,0
17565,0,0
17566,0,0
17567,0,0
17571,0,0
17573,0,0
17577,0,0
17584,0,0
17585,0,0
17588,0,0
17589,0,0
17591,0,0
17592,0,0
17593,0,0
17594,0,0
17598,0,0
17601,0,0
17602,0,0
17607,0,0
17609,0,0
17610,0,0
17615,0,0
17618,0,0
17619,0,0
17623,0,0
17626,0,0
17630,0,0
17631,0,0
17633,0,0
17634,0,0
17637,0,0
17638,0,0
17639,0,0
17642,0,0
17643,0,0
17646,0,0
17649,0,0
17652,0,0
17655,0,0
17656,0,0
17657,0,0
17658,0,0
17660,0,0
17662,0,0
17664,0,0
17665,0,0
17669,0,0
17670,0,0
17671,0,0
17672,0,0
17673,0,0
17674,0,0
17675,0,0
17676,0,0
17677,0,0
17680,0,0
17683,0,0
17684,0,0
17690,0,0
17694,0,0
17696,0,0
17698,0,0
17699,0,0
17701,0,0
17703,0,0
17704,0,0
17707,0,0
17708,0,0
17709,0,0
17711,0,0
17712,0,0
17713,0,0
17715,0,0
17716,0,0
17717,0,0
17718,0,0
17719,0,0
17720,0,0
17722,0,0
17724,0,0
17726,0,0
17731,0,0
17734,0,0
17742,0,0
17743,0,0
17745,0,0
17747,0,0
17749,0,0
17751,0,0
17752,0,0
17756,0,0
17760,0,0
17761,0,0
17764,0,0
17765,0,0
17766,0,0
17767,0,0
17769,0,0
17771,0,0
17773,0,0
17776,0,0
17777,0,0
17789,0,0
17793,0,0
17796,0,0
17800,0,0
17801,0,0
17802,0,0
17811,0,0
17815,0,0
17816,0,0
17819,0,0
17820,0,0
17821,0,0
17825,0,0
17828,0,0
17829,0,0
17830,0,0
17833,0,0
17835,0,0
17839,0,0
17840,0,0
17845,0,0
17846,0,0
17847,0,0
17848,0,0
17849,0,0
17850,0,0
17852,0,0
17861,0,0
17862,0,0
17865,0,0
17868,0,0
17873,0,0
17876,0,0
17879,0,0
17883,0,0
17885,0,0
17889,0,0
17890,0,0
17897,0,0
17898,0,0
17899,0,0
17900,0,0
17904,0,0
17907,0,0
17909,0,0
17912,0,0
17913,0,0
17916,0,0
17918,0,0
17920,0,0
17921,0,0
17924,0,0
17926,0,0
17927,0,0
17936,0,0
17940,0,0
17941,0,0
17942,0,0
17944,0,0
17948,0,0
17949,0,0
17950,0,0
17952,0,0
17953,0,0
17954,0,0
17956,0,0
17957,0,0
17959,0,0
17965,0,0
17967,0,0
17970,0,0
17971,0,0
17972,0,0
17984,0,0
17990,0,0
17991,0,0
17994,0,0
17996,0,0
17998,0,0
17999,0,0
18000,0,0
18004,0,0
18005,0,0
18006,0,0
18007,0,0
18008,0,0
18009,0,0
18011,0,0
18012,0,0
18013,0,0
18014,0,0
18015,0,0
18016,0,0
18017,0,0
18018,0,0
18019,0,0
18020,0,0
18021,0,0
18022,0,0
18023,0,0
18024,0,0
18025,0,0
18026,0,0
18028,0,0
18029,0,0
18031,0,0
18032,0,0
18033,0,0
18035,0,0
18036,0,0
18037,0,0
18038,0,0
18039,0,0
18040,0,0
18042,0,0
18043,0,0
18045,0,0
18046,0,0
18047,0,0
18048,0,0
18049,0,0
18050,0,0
18051,0,0
18052,0,0
18053,0,0
18054,0,0
18055,0,0
18056,0,0
18057,0,0
18060,0,0
18061,0,0
18062,0,0
18063,0,0
18064,0,0
18065,0,0
18066,0,0
18067,0,0
18071,0,0
18073,0,0
18074,0,0
18075,0,0
18076,0,0
18077,0,0
18078,0,0
18079,0,0
18080,0,0
18083,0,0
18084,0,0
18085,0,0
18086,0,0
18088,0,0
18089,0,0
18091,0,0
18092,0,0
18093,0,0
18094,0,0
18095,0,0
18096,0,0
18097,0,0
18098,0,0
18099,0,0
18101,0,0
18102,0,0
18103,0,0
18105,0,0
18107,0,0
18109,0,0
18110,0,0
18112,0,0
18113,0,0
18114,0,0
18115,0,0
18116,0,0
18117,0,0
18118,0,0
18119,0,0
18120,0,0
18123,0,0
18126,0,0
18130,0,0
18131,0,0
18132,0,0
18133,0,0
18134,0,0
18136,0,0
18137,0,0
18138,0,0
18139,0,0
18140,0,0
18142,0,0
18143,0,0
18145,0,0
18146,0,0
18149,0,0
18151,0,0
18152,0,0
18153,0,0
18154,0,0
18155,0,0
18156,0,0
18157,0,0
18158,0,0
18159,0,0
18160,0,0
18162,0,0
18163,0,0
18164,0,0
18165,0,0
18166,0,0
18167,0,0
18168,0,0
18169,0,0
18170,0,0
18171,0,0
18172,0,0
18173,0,0
18174,0,0
18175,0,0
18176,0,0
18177,0,0
18179,0,0
18180,0,0
18181,0,0
18182,0,0
18183,0,0
18184,0,0
18186,0,0
18188,0,0
18189,0,0
18190,0,0
18191,0,0
18192,0,0
18194,0,0
18196,0,0
18198,0,0
18199,0,0
18200,0,0
18201,0,0
18202,0,0
18203,0,0
18204,0,0
18205,0,0
18206,0,0
18207,0,0
18208,0,0
18209,0,0
18211,0,0
18212,0,0
18213,0,0
18214,0,0
18215,0,0
18216,0,0
18217,0,0
18218,0,0
18219,0,0
18220,0,0
18221,0,0
18222,0,0
18223,0,0
18224,0,0
18226,0,0
18228,0,0
18229,0,0
18230,0,0
18231,0,0
18232,0,0
18233,0,0
18234,0,0
18235,0,0
18236,0,0
18237,0,0
18238,0,0
18239,0,0
18242,0,0
18243,0,0
18244,0,0
18245,0,0
18247,0,0
18248,0,0
18249,0,0
18251,0,0
18252,0,0
18254,0,0
18255,0,0
18257,0,0
18259,0,0
18260,0,0
18261,0,0
18262,0,0
18263,0,0
18264,0,0
18265,0,0
18266,0,0
18267,0,0
18269,0,0
18270,0,0
18271,0,0
18272,0,0
18273,0,0
18274,0,0
18276,0,0
18277,0,0
18278,0,0
18280,0,0
18282,0,0
18283,0,0
18284,0,0
18286,0,0
18287,0,0
18288,0,0
18289,0,0
18290,0,0
18291,0,0
18292,0,0
18293,0,0
18294,0,0
18296,0,0
18298,0,0
18299,0,0
18300,0,0
18301,0,0
18302,0,0
18303,0,0
18304,0,0
18306,0,0
18309,0,0
18310,0,0
18311,0,0
18312,0,0
18314,0,0
18315,0,0
18316,0,0
18318,0,0
18319,0,0
18320,0,0
18321,0,0
18322,0,0
18323,0,0
18324,0,0
18325,0,0
18326,0,0
18327,0,0
18328,0,0
18329,0,0
18330,0,0
18331,0,0
18332,0,0
18333,0,0
18334,0,0
18335,0,0
18336,0,0
18338,0,0
18339,0,0
18340,0,0
18343,0,0
18345,0,0
18346,0,0
18347,0,0
18348,0,0
18349,0,0
18350,0,0
18352,0,0
18353,0,0
18354,0,0
18355,0,0
18356,0,0
18358,0,0
18360,0,0
18361,0,0
18362,0,0
18363,0,0
18364,0,0
18365,0,0
18367,0,0
18368,0,0
18369,0,0
18371,0,0
18372,0,0
18373,0,0
18374,0,0
18375,0,0
18376,0,0
18378,0,0
18379,0,0
18381,0,0
18382,0,0
18383,0,0
18385,0,0
18387,0,0
18388,0,0
18389,0,0
18390,0,0
18393,0,0
18394,0,0
18396,0,0
18397,0,0
18398,0,0
18399,0,0
18400,0,0
18401,0,0
18403,0,0
18404,0,0
18406,0,0
18407,0,0
18408,0,0
18409,0,0
18411,0,0
18412,0,0
18413,0,0
18415,0,0
18416,0,0
18417,0,0
18418,0,0
18420,0,0
18421,0,0
18422,0,0
18424,0,0
18425,0,0
18426,0,0
18427,0,0
18428,0,0
18429,0,0
18431,0,0
18432,0,0
18435,0,0
18436,0,0
18437,0,0
18438,0,0
18440,0,0
18441,0,0
18442,0,0
18444,0,0
18445,0,0
18446,0,0
18447,0,0
18448,0,0
18449,0,0
18450,0,0
18452,0,0
18453,0,0
18454,0,0
18455,0,0
18456,0,0
18457,0,0
18459,0,0
18461,0,0
18463,0,0
18465,0,0
18467,0,0
18469,0,0
18470,0,0
18471,0,0
18472,0,0
18473,0,0
18474,0,0
18476,0,0
18478,0,0
18480,0,0
18481,0,0
18482,0,0
18484,0,0
18485,0,0
18486,0,0
18487,0,0
18488,0,0
18492,0,0
18494,0,0
18496,0,0
18500,0,0
18502,0,0
18504,0,0
18505,0,0
18507,0,0
18515,0,0
18516,0,0
18517,0,0
18519,0,0
18520,0,0
18531,0,0
18537,0,0
18538,0,0
18541,0,0
18543,0,0
18544,0,0
18547,0,0
18551,0,0
18554,0,0
18559,0,0
18561,0,0
18566,0,0
18569,0,0
18572,0,0
18576,0,0
18577,0,0
18578,0,0
18585,0,0
18595,0,0
18597,0,0
18598,0,0
18599,0,0
18601,0,0
18604,0,0
18608,0,0
18612,0,0
18615,0,0
18619,0,0
18620,0,0
18626,0,0
18629,0,0
18630,0,0
18631,0,0
18632,0,0
18634,0,0
18638,0,0
18639,0,0
18640,0,0
18642,0,0
18644,0,0
18645,0,0
18647,0,0
18648,0,0
18659,0,0
18662,0,0
18664,0,0
18666,0,0
18671,0,0
18675,0,0
18676,0,0
18677,0,0
18678,0,0
18679,0,0
18680,0,0
18692,0,0
18698,0,0
18700,0,0
18702,0,0
18703,0,0
18704,0,0
18706,0,0
18707,0,0
18711,0,0
18712,0,0
18717,0,0
18719,0,0
18720,0,0
18724,0,0
18728,0,0
18729,0,0
18730,0,0
18732,0,0
18733,0,0
18737,0,0
18739,0,0
18740,0,0
18743,0,0
18750,0,0
18751,0,0
18752,0,0
18757,0,0
18758,0,0
18762,0,0
18764,0,0
18765,0,0
18766,0,0
18768,0,0
18769,0,0
18770,0,0
18772,0,0
18780,0,0
18782,0,0
18784,0,0
18786,0,0
18791,0,0
18792,0,0
18793,0,0
18800,0,0
18805,0,0
18811,0,0
18816,0,0
18817,0,0
18821,0,0
18825,0,0
18839,0,0
18843,0,0
18847,0,0
18848,0,0
18849,0,0
18850,0,0
18858,0,0
18859,0,0
18861,0,0
18873,0,0
18874,0,0
18877,0,0
18878,0,0
18880,0,0
18884,0,0
18886,0,0
18889,0,0
18894,0,0
18896,0,0
18898,0,0
18899,0,0
18904,0,0
18907,0,0
18908,0,0
18912,0,0
18915,0,0
18916,0,0
18925,0,0
18927,0,0
18928,0,0
18929,0,0
18930,0,0
18931,0,0
18937,0,0
18938,0,0
18941,0,0
18945,0,0
18946,0,0
18947,0,0
18951,0,0
18953,0,0
18957,0,0
18961,0,0
18963,0,0
18967,0,0
18968,0,0
18971,0,0
18972,0,0
18977,0,0
18984,0,0
18986,0,0
18987,0,0
18992,0,0
18994,0,0
18996,0,0
18998,0,0
19000,0,0
19002,0,0
19004,0,0
19005,0,0
19007,0,0
19015,0,0
19016,0,0
19017,0,0
19019,0,0
19020,0,0
19023,0,0
19027,0,0
19031,0,0
19035,0,0
19037,0,0
19041,0,0
19043,0,0
19044,0,0
19047,0,0
19051,0,0
19052,0,0
19054,0,0
19061,0,0
19069,0,0
19072,0,0
19076,0,0
19077,0,0
19078,0,0
19085,0,0
19092,0,0
19094,0,0
19095,0,0
19097,0,0
19098,0,0
19099,0,0
19101,0,0
19104,0,0
19108,0,0
19109,0,0
19112,0,0
19115,0,0
19119,0,0
19120,0,0
19121,0,0
19123,0,0
19124,0,0
19126,0,0
19129,0,0
19130,0,0
19131,0,0
19132,0,0
19134,0,0
19138,0,0
19139,0,0
19142,0,0
19144,0,0
19145,0,0
19147,0,0
19148,0,0
19156,0,0
19159,0,0
19162,0,0
19164,0,0
19166,0,0
19168,0,0
19171,0,0
19175,0,0
19176,0,0
19177,0,0
19178,0,0
19180,0,0
19182,0,0
19192,0,0
19197,0,0
19198,0,0
19200,0,0
19202,0,0
19203,0,0
19204,0,0
19206,0,0
19207,0,0
19211,0,0
19212,0,0
19217,0,0
19220,0,0
19224,0,0
19226,0,0
19228,0,0
19229,0,0
19230,0,0
19233,0,0
19236,0,0
19237,0,0
19239,0,0
19240,0,0
19245,0,0
19250,0,0
19251,0,0
19252,0,0
19257,0,0
19262,0,0
19264,0,0
19265,0,0
19266,0,0
19268,0,0
19270,0,0
19272,0,0
19280,0,0
19282,0,0
19284,0,0
19286,0,0
19291,0,0
19292,0,0
19293,0,0
19296,0,0
19300,0,0
19305,0,0
19306,0,0
19311,0,0
19315,0,0
19317,0,0
19321,0,0
19325,0,0
19330,0,0
19331,0,0
19336,0,0
19339,0,0
19343,0,0
19347,0,0
19348,0,0
19349,0,0
19350,0,0
19355,0,0
19358,0,0
19359,0,0
19361,0,0
19371,0,0
19372,0,0
19373,0,0
19374,0,0
19376,0,0
19377,0,0
19378,0,0
19380,0,0
19384,0,0
19386,0,0
19389,0,0
19392,0,0
19394,0,0
19396,0,0
19397,0,0
19398,0,0
19399,0,0
19400,0,0
19404,0,0
19407,0,0
19408,0,0
19412,0,0
19415,0,0
19416,0,0
19425,0,0
19427,0,0
19428,0,0
19429,0,0
19430,0,0
19431,0,0
19437,0,0
19438,0,0
19441,0,0
19444,0,0
19445,0,0
19446,0,0
19447,0,0
19448,0,0
19451,0,0
19453,0,0
19455,0,0
19457,0,0
19459,0,0
19463,0,0
19465,0,0
19467,0,0
19468,0,0
19471,0,0
19472,0,0
19477,0,0
19479,0,0
19480,0,0
19481,0,0
19484,0,0
19486,0,0
19487,0,0
19492,0,0
19494,0,0
19496,0,0
19498,0,0
19500,0,0
19502,0,0
19504,0,0
19505,0,0
19507,0,0
19515,0,0
19516,0,0
19517,0,0
19519,0,0
19520,0,0
19523,0,0
19527,0,0
19531,0,0
19535,0,0
19537,0,0
19541,0,0
19543,0,0
19544,0,0
19547,0,0
19551,0,0
19552,0,0
19554,0,0
19561,0,0
19569,0,0
19572,0,0
19576,0,0
19577,0,0
19578,0,0
19585,0,0
19592,0,0
19594,0,0
19595,0,0
19597,0,0
19598,0,0
19599,0,0
19601,0,0
19604,0,0
19608,0,0
19609,0,0
19612,0,0
19615,0,0
19619,0,0
19620,0,0
19621,0,0
19623,0,0
19624,0,0
19626,0,0
19629,0,0
19630,0,0
19631,0,0
19632,0,0
19634,0,0
19638,0,0
19639,0,0
19642,0,0
19644,0,0
19645,0,0
19647,0,0
19648,0,0
19656,0,0
19659,0,0
19662,0,0
19664,0,0
19666,0,0
19668,0,0
19671,0,0
19675,0,0
19676,0,0
19677,0,0
19678,0,0
19680,0,0
19682,0,0
19692,0,0
19697,0,0
19698,0,0
19700,0,0
19702,0,0
19703,0,0
19704,0,0
19706,0,0
19707,0,0
19711,0,0
19712,0,0
19717,0,0
19720,0,0
19724,0,0
19726,0,0
19728,0,0
19729,0,0
19730,0,0
19733,0,0
19736,0,0
19737,0,0
19739,0,0
19740,0,0
19745,0,0
19750,0,0
19751,0,0
19752,0,0
19757,0,0
19762,0,0
19764,0,0
19765,0,0
19766,0,0
19768,0,0
19770,0,0
19772,0,0
19780,0,0
19782,0,0
19784,0,0
19786,0,0
19791,0,0
19792,0,0
19793,0,0
19796,0,0
19800,0,0
19805,0,0
19806,0,0
19811,0,0
19815,0,0
19817,0,0
19821,0,0
19825,0,0
19830,0,0
19831,0,0
19836,0,0
19839,0,0
19843,0,0
19847,0,0
19848,0,0
19849,0,0
19850,0,0
19855,0,0
19858,0,0
19859,0,0
19861,0,0
19871,0,0
19872,0,0
19873,0,0
19874,0,0
19876,0,0
19877,0,0
19878,0,0
19880,0,0
19884,0,0
19886,0,0
19889,0,0
19892,0,0
19894,0,0
19896,0,0
19897,0,0
19898,0,0
19899,0,0
19900,0,0
19904,0,0
19907,0,0
19908,0,0
19912,0,0
19915,0,0
19916,0,0
19925,0,0
19927,0,0
19928,0,0
19929,0,0
19930,0,0
19931,0,0
19937,0,0
19938,0,0
19941,0,0
19944,0,0
19945,0,0
19946,0,0
19947,0,0
19948,0,0
19951,0,0
19953,0,0
19955,0,0
19957,0,0
19959,0,0
19963,0,0
19965,0,0
19967,0,0
19968,0,0
19971,0,0
19972,0,0
19977,0,0
19979,0,0
19980,0,0
19981,0,0
19984,0,0
19986,0,0
19987,0,0
19992,0,0
19994,0,0
19996,0,0
19998,0,0
20000,0,0
20002,0,0
20004,0,0
20005,0,0
20007,0,0
20009,0,0
20015,0,0
20016,0,0
20017,0,0
20018,0,0
20019,0,0
20020,0,0
20022,0,0
20023,0,0
20027,0,0
20031,0,0
20034,0,0
20035,0,0
20037,0,0
20041,0,0
20043,0,0
20044,0,0
20047,0,0
20051,0,0
20052,0,0
20054,0,0
20061,0,0
20069,0,0
20072,0,0
20076,0,0
20077,0,0
20078,0,0
20081,0,0
20085,0,0
20092,0,0
20094,0,0
20095,0,0
20097,0,0
20098,0,0
20099,0,0
20101,0,0
20104,0,0
20107,0,0
20108,0,0
20109,0,0
20112,0,0
20115,0,0
20119,0,0
20120,0,0
20121,0,0
20123,0,0
20124,0,0
20126,0,0
20129,0,0
20130,0,0
20131,0,0
20132,0,0
20134,0,0
20138,0,0
20139,0,0
20140,0,0
20142,0,0
20144,0,0
20145,0,0
20146,0,0
20147,0,0
20148,0,0
20151,0,0
20156,0,0
20159,0,0
20162,0,0
20164,0,0
20166,0,0
20168,0,0
20171,0,0
20175,0,0
20176,0,0
20177,0,0
20178,0,0
20180,0,0
20181,0,0
20182,0,0
20192,0,0
20197,0,0
20198,0,0
20200,0,0
20202,0,0
20203,0,0
20204,0,0
20206,0,0
20207,0,0
20211,0,0
20212,0,0
20217,0,0
20220,0,0
20224,0,0
20226,0,0
20227,0,0
20228,0,0
20229,0,0
20230,0,0
20233,0,0
20236,0,0
20237,0,0
20239,0,0
20240,0,0
20245,0,0
20246,0,0
20251,0,0
20252,0,0
20253,0,0
20257,0,0
20258,0,0
20262,0,0
20264,0,0
20265,0,0
20266,0,0
20268,0,0
20269,0,0
20270,0,0
20272,0,0
20278,0,0
20280,0,0
20282,0,0
20283,0,0
20284,0,0
20286,0,0
20288,0,0
20291,0,0
20292,0,0
20293,0,0
20296,0,0
20298,0,0
20300,0,0
20304,0,0
20305,0,0
20311,0,0
20314,0,0
20315,0,0
20317,0,0
20321,0,0
20325,0,0
20328,0,0
20330,0,0
20331,0,0
20336,0,0
20339,0,0
20343,0,0
20347,0,0
20348,0,0
20349,0,0
20350,0,0
20355,0,0
20358,0,0
20359,0,0
20361,0,0
20367,0,0
20371,0,0
20372,0,0
20373,0,0
20374,0,0
20376,0,0
20377,0,0
20378,0,0
20380,0,0
20384,0,0
20386,0,0
20389,0,0
20392,0,0
20394,0,0
20396,0,0
20397,0,0
20398,0,0
20399,0,0
20400,0,0
20404,0,0
20407,0,0
20408,0,0
20415,0,0
20416,0,0
20427,0,0
20428,0,0
20429,0,0
20430,0,0
20431,0,0
20437,0,0
20438,0,0
20441,0,0
20444,0,0
20445,0,0
20446,0,0
20447,0,0
20448,0,0
20451,0,0
20453,0,0
20455,0,0
20457,0,0
20459,0,0
20461,0,0
20463,0,0
20466,0,0
20467,0,0
20468,0,0
20471,0,0
20472,0,0
20476,0,0
20477,0,0
20478,0,0
20480,0,0
20481,0,0
20482,0,0
20486,0,0
20487,0,0
20489,0,0
20492,0,0
20494,0,0
20496,0,0
20498,0,0
20499,0,0
20500,0,0
20501,0,0
20502,0,0
20503,0,0
20505,0,0
20508,0,0
20509,0,0
20510,0,0
20511,0,0
20512,0,0
20515,0,0
20516,0,0
20517,0,0
20518,0,0
20519,0,0
20520,0,0
20522,0,0
20523,0,0
20525,0,0
20527,0,0
20528,0,0
20530,0,0
20531,0,0
20532,0,0
20534,0,0
20535,0,0
20537,0,0
20538,0,0
20541,0,0
20542,0,0
20544,0,0
20547,0,0
20548,0,0
20551,0,0
20552,0,0
20553,0,0
20554,0,0
20556,0,0
20557,0,0
20559,0,0
20561,0,0
20562,0,0
20564,0,0
20565,0,0
20566,0,0
20568,0,0
20569,0,0
20570,0,0
20572,0,0
20574,0,0
20576,0,0
20577,0,0
20578,0,0
20580,0,0
20581,0,0
20584,0,0
20585,0,0
20587,0,0
20588,0,0
20592,0,0
20593,0,0
20594,0,0
20595,0,0
20596,0,0
20597,0,0
20598,0,0
20599,0,0
20601,0,0
20602,0,0
20603,0,0
20604,0,0
20605,0,0
20607,0,0
20608,0,0
20610,0,0
20612,0,0
20613,0,0
20614,0,0
20615,0,0
20617,0,0
20619,0,0
20620,0,0
20621,0,0
20622,0,0
20623,0,0
20624,0,0
20626,0,0
20627,0,0
20629,0,0
20630,0,0
20631,0,0
20632,0,0
20634,0,0
20635,0,0
20636,0,0
20637,0,0
20638,0,0
20640,0,0
20641,0,0
20642,0,0
20643,0,0
20644,0,0
20645,0,0
20647,0,0
20648,0,0
20651,0,0
20652,0,0
20654,0,0
20655,0,0
20656,0,0
20658,0,0
20659,0,0
20662,0,0
20663,0,0
20664,0,0
20666,0,0
20668,0,0
20669,0,0
20670,0,0
20671,0,0
20672,0,0
20674,0,0
20675,0,0
20676,0,0
20677,0,0
20678,0,0
20679,0,0
20680,0,0
20681,0,0
20682,0,0
20683,0,0
20684,0,0
20685,0,0
20686,0,0
20687,0,0
20688,0,0
20689,0,0
20691,0,0
20692,0,0
20694,0,0
20695,0,0
20696,0,0
20697,0,0
20698,0,0
20699,0,0
20700,0,0
20701,0,0
20702,0,0
20703,0,0
20704,0,0
20706,0,0
20707,0,0
20708,0,0
20711,0,0
20712,0,0
20714,0,0
20715,0,0
20717,0,0
20719,0,0
20720,0,0
20722,0,0
20724,0,0
20725,0,0
20726,0,0
20727,0,0
20728,0,0
20729,0,0
20730,0,0
20731,0,0
20733,0,0
20734,0,0
20736,0,0
20737,0,0
20739,0,0
20740,0,0
20741,0,0
20742,0,0
20743,0,0
20745,0,0
20746,0,0
20747,0,0
20748,0,0
20750,0,0
20751,0,0
20752,0,0
20753,0,0
20756,0,0
20757,0,0
20758,0,0
20760,0,0
20762,0,0
20764,0,0
20765,0,0
20766,0,0
20768,0,0
20769,0,0
20770,0,0
20771,0,0
20772,0,0
20773,0,0
20774,0,0
20775,0,0
20777,0,0
20778,0,0
20780,0,0
20781,0,0
20782,0,0
20784,0,0
20786,0,0
20787,0,0
20788,0,0
20789,0,0
20790,0,0
20791,0,0
20792,0,0
20793,0,0
20794,0,0
20796,0,0
20797,0,0
20798,0,0
20799,0,0
20800,0,0
20804,0,0
20805,0,0
20806,0,0
20807,0,0
20808,0,0
20809,0,0
20811,0,0
20812,0,0
20813,0,0
20814,0,0
20815,0,0
20817,0,0
20818,0,0
20821,0,0
20826,0,0
20827,0,0
20828,0,0
20829,0,0
20830,0,0
20834,0,0
20836,0,0
20837,0,0
20839,0,0
20841,0,0
20843,0,0
20844,0,0
20845,0,0
20847,0,0
20848,0,0
20849,0,0
20850,0,0
20854,0,0
20856,0,0
20858,0,0
20859,0,0
20861,0,0
20863,0,0
20864,0,0
20866,0,0
20867,0,0
20868,0,0
20871,0,0
20872,0,0
20873,0,0
20874,0,0
20875,0,0
20876,0,0
20877,0,0
20878,0,0
20879,0,0
20880,0,0
20884,0,0
20885,0,0
20886,0,0
20887,0,0
20888,0,0
20889,0,0
20891,0,0
20892,0,0
20894,0,0
20896,0,0
20897,0,0
20898,0,0
20899,0,0
20900,0,0
20902,0,0
20904,0,0
20905,0,0
20907,0,0
20908,0,0
20912,0,0
20913,0,0
20915,0,0
20916,0,0
20924,0,0
20925,0,0
20927,0,0
20928,0,0
20929,0,0
20930,0,0
20931,0,0
20932,0,0
20937,0,0
20938,0,0
20939,0,0
20940,0,0
20941,0,0
20942,0,0
20944,0,0
20945,0,0
20946,0,0
20947,0,0
20948,0,0
20951,0,0
20953,0,0
20954,0,0
20955,0,0
20957,0,0
20958,0,0
20959,0,0
20961,0,0
20963,0,0
20964,0,0
20967,0,0
20968,0,0
20971,0,0
20972,0,0
20976,0,0
20977,0,0
20978,0,0
20979,0,0
20980,0,0
20982,0,0
20984,0,0
20985,0,0
20986,0,0
20987,0,0
20988,0,0
20992,0,0
20994,0,0
20995,0,0
20996,0,0
20997,0,0
20998,0,0
20999,0,0
21000,0,0
21002,0,0
21003,0,0
21004,0,0
21005,0,0
21007,0,0
21008,0,0
21009,0,0
21010,0,0
21015,0,0
21016,0,0
21017,0,0
21018,0,0
21019,0,0
21020,0,0
21022,0,0
21023,0,0
21025,0,0
21027,0,0
21031,0,0
21032,0,0
21034,0,0
21035,0,0
21037,0,0
21038,0,0
21041,0,0
21042,0,0
21043,0,0
21044,0,0
21047,0,0
21048,0,0
21051,0,0
21052,0,0
21053,0,0
21054,0,0
21056,0,0
21057,0,0
21058,0,0
21059,0,0
21060,0,0
21061,0,0
21062,0,0
21064,0,0
21065,0,0
21066,0,0
21068,0,0
21069,0,0
21070,0,0
21071,0,0
21072,0,0
21073,0,0
21074,0,0
21076,0,0
21077,0,0
21078,0,0
21084,0,0
21085,0,0
21088,0,0
21090,0,0
21092,0,0
21093,0,0
21094,0,0
21095,0,0
21097,0,0
21098,0,0
21099,0,0
21101,0,0
21102,0,0
21103,0,0
21104,0,0
21105,0,0
21107,0,0
21108,0,0
21109,0,0
21110,0,0
21112,0,0
21113,0,0
21115,0,0
21119,0,0
21120,0,0
21121,0,0
21122,0,0
21123,0,0
21124,0,0
21126,0,0
21127,0,0
21129,0,0
21130,0,0
21131,0,0
21132,0,0
21134,0,0
21136,0,0
21137,0,0
21138,0,0
21139,0,0
21140,0,0
21141,0,0
21142,0,0
21143,0,0
21144,0,0
21145,0,0
21146,0,0
21147,0,0
21148,0,0
21150,0,0
21152,0,0
21153,0,0
21155,0,0
21156,0,0
21158,0,0
21159,0,0
21162,0,0
21163,0,0
21164,0,0
21166,0,0
21167,0,0
21168,0,0
21169,0,0
21171,0,0
21175,0,0
21176,0,0
21177,0,0
21178,0,0
21179,0,0
21180,0,0
21181,0,0
21182,0,0
21186,0,0
21189,0,0
21192,0,0
21195,0,0
21196,0,0
21197,0,0
21198,0,0
21199,0,0
21200,0,0
21201,0,0
21202,0,0
21203,0,0
21204,0,0
21206,0,0
21207,0,0
21211,0,0
21212,0,0
21214,0,0
21215,0,0
21217,0,0
21219,0,0
21220,0,0
21224,0,0
21226,0,0
21227,0,0
21228,0,0
21229,0,0
21230,0,0
21231,0,0
21232,0,0
21233,0,0
21236,0,0
21237,0,0
21239,0,0
21240,0,0
21241,0,0
21242,0,0
21243,0,0
21245,0,0
21246,0,0
21250,0,0
21251,0,0
21252,0,0
21253,0,0
21257,0,0
21258,0,0
21260,0,0
21262,0,0
21264,0,0
21265,0,0
21266,0,0
21268,0,0
21269,0,0
21270,0,0
21272,0,0
21273,0,0
21274,0,0
21275,0,0
21277,0,0
21278,0,0
21279,0,0
21280,0,0
21282,0,0
21283,0,0
21284,0,0
21286,0,0
21287,0,0
21288,0,0
21290,0,0
21291,0,0
21292,0,0
21293,0,0
21296,0,0
21298,0,0
21299,0,0
21300,0,0
21301,0,0
21305,0,0
21306,0,0
21307,0,0
21309,0,0
21311,0,0
21312,0,0
21313,0,0
21314,0,0
21315,0,0
21316,0,0
21317,0,0
21321,0,0
21324,0,0
21325,0,0
21326,0,0
21328,0,0
21330,0,0
21331,0,0
21334,0,0
21336,0,0
21339,0,0
21341,0,0
21342,0,0
21343,0,0
21345,0,0
21347,0,0
21348,0,0
21349,0,0
21350,0,0
21354,0,0
21355,0,0
21358,0,0
21359,0,0
21361,0,0
21362,0,0
21366,0,0
21367,0,0
21368,0,0
21371,0,0
21372,0,0
21373,0,0
21374,0,0
21375,0,0
21376,0,0
21377,0,0
21378,0,0
21379,0,0
21380,0,0
21382,0,0
21384,0,0
21385,0,0
21386,0,0
21388,0,0
21389,0,0
21391,0,0
21392,0,0
21394,0,0
21395,0,0
21396,0,0
21397,0,0
21398,0,0
21399,0,0
21400,0,0
21402,0,0
21404,0,0
21405,0,0
21407,0,0
21408,0,0
21409,0,0
21412,0,0
21415,0,0
21416,0,0
21424,0,0
21425,0,0
21426,0,0
21427,0,0
21428,0,0
21429,0,0
21430,0,0
21431,0,0
21432,0,0
21436,0,0
21437,0,0
21438,0,0
21439,0,0
21440,0,0
21441,0,0
21442,0,0
21443,0,0
21444,0,0
21445,0,0
21446,0,0
21447,0,0
21448,0,0
21451,0,0
21453,0,0
21455,0,0
21457,0,0
21459,0,0
21461,0,0
21463,0,0
21466,0,0
21467,0,0
21468,0,0
21471,0,0
21472,0,0
21473,0,0
21477,0,0
21478,0,0
21479,0,0
21480,0,0
21481,0,0
21482,0,0
21484,0,0
21485,0,0
21486,0,0
21487,0,0
21488,0,0
21494,0,0
21500,0,0
21507,0,0
21509,0,0
21515,0,0
21517,0,0
21525,0,0
21537,0,0
21544,0,0
21547,0,0
21551,0,0
21562,0,0
21578,0,0
21585,0,0
21590,0,0
21594,0,0
21595,0,0
21598,0,0
21607,0,0
21615,0,0
21620,0,0
21626,0,0
21631,0,0
21634,0,0
21640,0,0
21641,0,0
21645,0,0
21647,0,0
21655,0,0
21658,0,0
21662,0,0
21666,0,0
21670,0,0
21671,0,0
21677,0,0
21678,0,0
21701,0,0
21702,0,0
21704,0,0
21711,0,0
21712,0,0
21729,0,0
21737,0,0
21740,0,0
21752,0,0
21764,0,0
21765,0,0
21768,0,0
21770,0,0
21772,0,0
21786,0,0
21790,0,0
21791,0,0
21805,0,0
21809,0,0
21812,0,0
21815,0,0
21817,0,0
21821,0,0
21825,0,0
21836,0,0
21861,0,0
21875,0,0
21879,0,0
21886,0,0
21889,0,0
21898,0,0
21899,0,0
21904,0,0
21905,0,0
21908,0,0
21927,0,0
21929,0,0
21931,0,0
21938,0,0
21941,0,0
21944,0,0
21946,0,0
21955,0,0
21957,0,0
21961,0,0
21965,0,0
21971,0,0
21972,0,0
21976,0,0
21978,0,0
21980,0,0
21986,0,0
21994,0,0
21996,0,0
21998,0,0
22000,0,0
22005,0,0
22007,0,0
22010,0,0
22015,0,0
22017,0,0
22019,0,0
22020,0,0
22022,0,0
22023,0,0
22027,0,0
22031,0,0
22037,0,0
22041,0,0
22043,0,0
22047,0,0
22051,0,0
22052,0,0
22054,0,0
22069,0,0
22072,0,0
22076,0,0
22077,0,0
22078,0,0
22085,0,0
22092,0,0
22094,0,0
22098,0,0
22099,0,0
22101,0,0
22108,0,0
22115,0,0
22120,0,0
22121,0,0
22124,0,0
22126,0,0
22129,0,0
22131,0,0
22138,0,0
22139,0,0
22140,0,0
22142,0,0
22144,0,0
22145,0,0
22147,0,0
22148,0,0
22159,0,0
22163,0,0
22164,0,0
22166,0,0
22168,0,0
22171,0,0
22175,0,0
22177,0,0
22181,0,0
22197,0,0
22198,0,0
22200,0,0
22201,0,0
22202,0,0
22203,0,0
22204,0,0
22207,0,0
22211,0,0
22212,0,0
22217,0,0
22220,0,0
22224,0,0
22229,0,0
22233,0,0
22236,0,0
22237,0,0
22240,0,0
22250,0,0
22251,0,0
22252,0,0
22257,0,0
22264,0,0
22266,0,0
22270,0,0
22272,0,0
22280,0,0
22282,0,0
22284,0,0
22293,0,0
22300,0,0
22305,0,0
22315,0,0
22317,0,0
22325,0,0
22331,0,0
22334,0,0
22336,0,0
22339,0,0
22343,0,0
22348,0,0
22349,0,0
22350,0,0
22355,0,0
22359,0,0
22361,0,0
22371,0,0
22372,0,0
22373,0,0
22375,0,0
22376,0,0
22380,0,0
22384,0,0
22389,0,0
22392,0,0
22396,0,0
22397,0,0
22398,0,0
22399,0,0
22404,0,0
22407,0,0
22408,0,0
22412,0,0
22416,0,0
22427,0,0
22428,0,0
22429,0,0
22430,0,0
22437,0,0
22438,0,0
22441,0,0
22447,0,0
22451,0,0
22453,0,0
22455,0,0
22457,0,0
22463,0,0
22465,0,0
22467,0,0
22468,0,0
22471,0,0
22477,0,0
22479,0,0
22484,0,0
22486,0,0
22487,0,0
22492,0,0
22494,0,0
22496,0,0
22498,0,0
22500,0,0
22502,0,0
22504,0,0
22505,0,0
22507,0,0
22515,0,0
22516,0,0
22517,0,0
22519,0,0
22520,0,0
22523,0,0
22527,0,0
22531,0,0
22535,0,0
22537,0,0
22541,0,0
22543,0,0
22544,0,0
22547,0,0
22551,0,0
22552,0,0
22554,0,0
22561,0,0
22569,0,0
22572,0,0
22576,0,0
22577,0,0
22578,0,0
22585,0,0
22592,0,0
22594,0,0
22595,0,0
22597,0,0
22598,0,0
22599,0,0
22601,0,0
22604,0,0
22608,0,0
22609,0,0
22612,0,0
22615,0,0
22619,0,0
22620,0,0
22621,0,0
22623,0,0
22624,0,0
22626,0,0
22629,0,0
22630,0,0
22631,0,0
22632,0,0
22634,0,0
22638,0,0
22639,0,0
22642,0,0
22644,0,0
22645,0,0
22647,0,0
22648,0,0
22656,0,0
22659,0,0
22662,0,0
22664,0,0
22666,0,0
22668,0,0
22671,0,0
22675,0,0
22676,0,0
22677,0,0
22678,0,0
22680,0,0
22682,0,0
22692,0,0
22697,0,0
22698,0,0
22700,0,0
22702,0,0
22703,0,0
22704,0,0
22706,0,0
22707,0,0
22711,0,0
22712,0,0
22717,0,0
22720,0,0
22724,0,0
22726,0,0
22728,0,0
22729,0,0
22730,0,0
22733,0,0
22736,0,0
22737,0,0
22739,0,0
22740,0,0
22745,0,0
22750,0,0
22751,0,0
22752,0,0
22757,0,0
22762,0,0
22764,0,0
22765,0,0
22766,0,0
22768,0,0
22770,0,0
22772,0,0
22780,0,0
22782,0,0
22784,0,0
22786,0,0
22791,0,0
22792,0,0
22793,0,0
22796,0,0
22800,0,0
22805,0,0
22806,0,0
22811,0,0
22815,0,0
22817,0,0
22821,0,0
22825,0,0
22830,0,0
22831,0,0
22836,0,0
22839,0,0
22843,0,0
22847,0,0
22848,0,0
22849,0,0
22850,0,0
22855,0,0
22858,0,0
22859,0,0
22861,0,0
22871,0,0
22872,0,0
22873,0,0
22874,0,0
22876,0,0
22877,0,0
22878,0,0
22880,0,0
22884,0,0
22886,0,0
22889,0,0
22892,0,0
22894,0,0
22896,0,0
22897,0,0
22898,0,0
22899,0,0
22900,0,0
22904,0,0
22907,0,0
22908,0,0
22912,0,0
22915,0,0
22916,0,0
22925,0,0
22927,0,0
22928,0,0
22929,0,0
22930,0,0
22931,0,0
22937,0,0
22938,0,0
22941,0,0
22944,0,0
22945,0,0
22946,0,0
22947,0,0
22948,0,0
22951,0,0
22953,0,0
22955,0,0
22957,0,0
22959,0,0
22963,0,0
22965,0,0
22967,0,0
22968,0,0
22971,0,0
22972,0,0
22977,0,0
22979,0,0
22980,0,0
22981,0,0
22984,0,0
22986,0,0
22987,0,0
22994,0,0
22996,0,0
22998,0,0
23000,0,0
23002,0,0
23004,0,0
23007,0,0
23009,0,0
23015,0,0
23016,0,0
23019,0,0
23020,0,0
23023,0,0
23031,0,0
23035,0,0
23037,0,0
23041,0,0
23043,0,0
23044,0,0
23051,0,0
23052,0,0
23054,0,0
23061,0,0
23072,0,0
23077,0,0
23078,0,0
23085,0,0
23094,0,0
23097,0,0
23099,0,0
23104,0,0
23108,0,0
23115,0,0
23119,0,0
23126,0,0
23129,0,0
23131,0,0
23132,0,0
23137,0,0
23138,0,0
23142,0,0
23145,0,0
23147,0,0
23148,0,0
23159,0,0
23162,0,0
23163,0,0
23164,0,0
23165,0,0
23166,0,0
23171,0,0
23175,0,0
23176,0,0
23177,0,0
23178,0,0
23182,0,0
23186,0,0
23197,0,0
23200,0,0
23202,0,0
23211,0,0
23212,0,0
23217,0,0
23220,0,0
23224,0,0
23226,0,0
23228,0,0
23229,0,0
23230,0,0
23233,0,0
23236,0,0
23237,0,0
23240,0,0
23241,0,0
23251,0,0
23252,0,0
23257,0,0
23264,0,0
23266,0,0
23268,0,0
23270,0,0
23272,0,0
23282,0,0
23291,0,0
23292,0,0
23293,0,0
23298,0,0
23300,0,0
23304,0,0
23305,0,0
23311,0,0
23314,0,0
23315,0,0
23317,0,0
23321,0,0
23343,0,0
23347,0,0
23349,0,0
23350,0,0
23359,0,0
23372,0,0
23373,0,0
23377,0,0
23378,0,0
23380,0,0
23384,0,0
23389,0,0
23392,0,0
23394,0,0
23396,0,0
23398,0,0
23400,0,0
23404,0,0
23407,0,0
23408,0,0
23427,0,0
23428,0,0
23429,0,0
23430,0,0
23431,0,0
23437,0,0
23438,0,0
23441,0,0
23444,0,0
23446,0,0
23453,0,0
23457,0,0
23459,0,0
23463,0,0
23467,0,0
23468,0,0
23472,0,0
23477,0,0
23479,0,0
23480,0,0
23482,0,0
23486,0,0
23487,0,0
23496,0,0
23498,0,0
23505,0,0
23507,0,0
23515,0,0
23519,0,0
23531,0,0
23537,0,0
23547,0,0
23551,0,0
23554,0,0
23569,0,0
23572,0,0
23576,0,0
23577,0,0
23585,0,0
23594,0,0
23604,0,0
23608,0,0
23615,0,0
23620,0,0
23623,0,0
23624,0,0
23626,0,0
23629,0,0
23631,0,0
23639,0,0
23642,0,0
23645,0,0
23647,0,0
23648,0,0
23659,0,0
23664,0,0
23666,0,0
23677,0,0
23681,0,0
23697,0,0
23700,0,0
23702,0,0
23703,0,0
23717,0,0
23720,0,0
23729,0,0
23736,0,0
23737,0,0
23751,0,0
23770,0,0
23772,0,0
23780,0,0
23782,0,0
23783,0,0
23791,0,0
23815,0,0
23825,0,0
23831,0,0
23836,0,0
23848,0,0
23849,0,0
23859,0,0
23872,0,0
23873,0,0
23878,0,0
23880,0,0
23884,0,0
23889,0,0
23898,0,0
23899,0,0
23904,0,0
23908,0,0
23927,0,0
23930,0,0
23937,0,0
23938,0,0
23941,0,0
23946,0,0
23948,0,0
23951,0,0
23953,0,0
23963,0,0
23967,0,0
23977,0,0
23984,0,0
23987,0,0
23994,0,0
23998,0,0
24000,0,0
24002,0,0
24004,0,0
24005,0,0
24007,0,0
24009,0,0
24010,0,0
24015,0,0
24019,0,0
24020,0,0
24031,0,0
24037,0,0
24038,0,0
24041,0,1
24043,0,0
24044,0,0
24047,0,0
24051,0,0
24052,0,0
24067,0,0
24069,0,0
24070,0,0
24076,0,0
24077,0,0
24078,0,0
24085,0,0
24092,0,0
24094,0,0
24098,0,0
24099,0,0
24104,0,0
24129,0,0
24131,0,0
24132,0,0
24142,0,0
24145,0,0
24148,0,0
24156,0,0
24159,0,0
24162,0,0
24163,0,0
24164,0,0
24166,0,0
24175,0,0
24176,0,0
24180,0,0
24182,0,0
24192,0,0
24198,0,0
24199,0,0
24201,0,0
24202,0,0
24203,0,0
24206,0,0
24207,0,1
24211,0,0
24212,0,0
24217,0,0
24220,0,0
24228,0,0
24230,0,0
24233,0,1
24236,0,0
24237,0,0
24239,0,0
24240,0,0
24251,0,0
24252,0,0
24257,0,0
24264,0,0
24266,0,0
24268,0,0
24270,0,0
24272,0,0
24282,0,0
24289,0,0
24291,0,0
24292,0,0
24293,0,0
24296,0,0
24304,0,0
24315,0,0
24317,0,0
24325,0,0
24339,0,0
24343,0,0
24349,0,1
24354,0,0
24358,0,0
24359,0,0
24361,0,0
24372,0,0
24377,0,0
24380,0,0
24384,0,0
24386,0,0
24389,0,0
24394,0,0
24398,0,0
24399,0,0
24407,0,0
24408,0,0
24416,0,0
24427,0,0
24428,0,0
24429,0,0
24430,0,0
24431,0,0
24437,0,0
24438,0,0
24441,0,1
24444,0,0
24446,0,0
24448,0,0
24453,0,0
24455,0,0
24457,0,0
24463,0,0
24467,0,1
24468,0,0
24471,0,0
24472,0,0
24477,0,0
24479,0,0
24487,0,0
